,_id,iterationName,gameid,time,assignmentId,leftTarget,rightTarget,trialNum,turnNum,repNum,individualPracticeAttempts,trialScore,cumulativeScore,cumulativeBonus,eventType,practice
0,5f5912be1034572e668814b1,pilot4b,0110-5784fec9-109a-4d7a-a343-4820f4d42144,1599673022221.0,3O6CYIULEH1LVF5ZZSVQQ69LZ1EWUR,vertical,horizontal,,0,practice,0,100,0,0.0,endTrial,True
1,5f5914031034572e66881504,pilot4b,0110-5784fec9-109a-4d7a-a343-4820f4d42144,1599673347786.0,3O6CYIULEH1LVF5ZZSVQQ69LZ1EWUR,L,Pi,0.0,0,0,0,62,62,0.1,endTrial,False
2,5f5915141034572e66881566,pilot4b,0110-5784fec9-109a-4d7a-a343-4820f4d42144,1599673620618.0,3O6CYIULEH1LVF5ZZSVQQ69LZ1EWUR,L,C,1.0,0,0,0,93,155,0.25,endTrial,False
3,5f5916451034572e668815f4,pilot4b,0110-5784fec9-109a-4d7a-a343-4820f4d42144,1599673925543.0,3O6CYIULEH1LVF5ZZSVQQ69LZ1EWUR,C,Pi,2.0,0,0,0,100,255,0.5,endTrial,False
4,5f5917301034572e66881661,pilot4b,0110-5784fec9-109a-4d7a-a343-4820f4d42144,1599674160397.0,3O6CYIULEH1LVF5ZZSVQQ69LZ1EWUR,Pi,C,3.0,0,1,0,100,355,0.75,endTrial,False
5,5f5917e31034572e668816c1,pilot4b,0110-5784fec9-109a-4d7a-a343-4820f4d42144,1599674339538.0,3O6CYIULEH1LVF5ZZSVQQ69LZ1EWUR,C,L,4.0,0,1,0,100,455,1.0,endTrial,False
6,5f5918821034572e6688170b,pilot4b,0110-5784fec9-109a-4d7a-a343-4820f4d42144,1599674498277.0,3O6CYIULEH1LVF5ZZSVQQ69LZ1EWUR,Pi,L,5.0,0,1,0,100,555,1.25,endTrial,False
7,5f59192a1034572e6688173a,pilot4b,0110-5784fec9-109a-4d7a-a343-4820f4d42144,1599674666118.0,3O6CYIULEH1LVF5ZZSVQQ69LZ1EWUR,L,C,6.0,0,2,0,100,655,1.5,endTrial,False
8,5f5919c81034572e66881773,pilot4b,0110-5784fec9-109a-4d7a-a343-4820f4d42144,1599674824929.0,3O6CYIULEH1LVF5ZZSVQQ69LZ1EWUR,C,Pi,7.0,0,2,0,100,755,1.75,endTrial,False
9,5f591aa41034572e668817b3,pilot4b,0110-5784fec9-109a-4d7a-a343-4820f4d42144,1599675044076.0,3O6CYIULEH1LVF5ZZSVQQ69LZ1EWUR,L,Pi,8.0,0,2,0,68,823,1.85,endTrial,False
10,5f591b3e1034572e668817f4,pilot4b,0110-5784fec9-109a-4d7a-a343-4820f4d42144,1599675198096.0,3O6CYIULEH1LVF5ZZSVQQ69LZ1EWUR,C,L,9.0,0,3,0,100,923,2.1,endTrial,False
11,5f591baa1034572e6688182a,pilot4b,0110-5784fec9-109a-4d7a-a343-4820f4d42144,1599675306773.0,3O6CYIULEH1LVF5ZZSVQQ69LZ1EWUR,Pi,C,10.0,0,3,0,100,1023,2.35,endTrial,False
12,5f591bf81034572e66881851,pilot4b,0110-5784fec9-109a-4d7a-a343-4820f4d42144,1599675384598.0,3O6CYIULEH1LVF5ZZSVQQ69LZ1EWUR,Pi,L,11.0,0,3,0,100,1123,2.6,endTrial,False
0,5f58169c1034572e66880c75,pilot4b,0312-5a54cbf3-4d0e-484b-b7f8-ecb4b63910f7,1599608476159.0,3DI28L7YXEEB5ISAC4R0TYXOHU0E16,horizontal,vertical,,0,practice,0,100,0,0.0,endTrial,True
1,5f58179b1034572e66880cc1,pilot4b,0312-5a54cbf3-4d0e-484b-b7f8-ecb4b63910f7,1599608731960.0,3DI28L7YXEEB5ISAC4R0TYXOHU0E16,C,Pi,0.0,0,0,0,31,31,0.0,endTrial,False
2,5f58180b1034572e66880cdb,pilot4b,0312-5a54cbf3-4d0e-484b-b7f8-ecb4b63910f7,1599608843760.0,3DI28L7YXEEB5ISAC4R0TYXOHU0E16,L,C,1.0,0,0,0,37,68,0.0,endTrial,False
3,5f5818521034572e66880cec,pilot4b,0312-5a54cbf3-4d0e-484b-b7f8-ecb4b63910f7,1599608914331.0,3DI28L7YXEEB5ISAC4R0TYXOHU0E16,L,Pi,2.0,0,0,0,56,124,0.0,endTrial,False
4,5f5818701034572e66880cf9,pilot4b,0312-5a54cbf3-4d0e-484b-b7f8-ecb4b63910f7,1599608944014.0,3DI28L7YXEEB5ISAC4R0TYXOHU0E16,Pi,C,3.0,0,1,0,31,155,0.0,endTrial,False
5,5f5818971034572e66880d07,pilot4b,0312-5a54cbf3-4d0e-484b-b7f8-ecb4b63910f7,1599608983479.0,3DI28L7YXEEB5ISAC4R0TYXOHU0E16,Pi,L,4.0,0,1,0,37,192,0.0,endTrial,False
6,5f5819491034572e66880d23,pilot4b,0312-5a54cbf3-4d0e-484b-b7f8-ecb4b63910f7,1599609161053.0,3DI28L7YXEEB5ISAC4R0TYXOHU0E16,C,L,5.0,0,1,0,68,260,0.1,endTrial,False
7,5f5819b71034572e66880d3d,pilot4b,0312-5a54cbf3-4d0e-484b-b7f8-ecb4b63910f7,1599609271809.0,3DI28L7YXEEB5ISAC4R0TYXOHU0E16,C,Pi,6.0,0,2,0,31,291,0.1,endTrial,False
8,5f581a7d1034572e66880d73,pilot4b,0312-5a54cbf3-4d0e-484b-b7f8-ecb4b63910f7,1599609469149.0,3DI28L7YXEEB5ISAC4R0TYXOHU0E16,L,Pi,7.0,0,2,0,100,391,0.35,endTrial,False
9,5f581ac51034572e66880d88,pilot4b,0312-5a54cbf3-4d0e-484b-b7f8-ecb4b63910f7,1599609541090.0,3DI28L7YXEEB5ISAC4R0TYXOHU0E16,L,C,8.0,0,2,0,43,434,0.35,endTrial,False
10,5f581b6a1034572e66880da2,pilot4b,0312-5a54cbf3-4d0e-484b-b7f8-ecb4b63910f7,1599609706419.0,3DI28L7YXEEB5ISAC4R0TYXOHU0E16,C,L,9.0,0,3,0,100,534,0.6,endTrial,False
11,5f581c251034572e66880dbf,pilot4b,0312-5a54cbf3-4d0e-484b-b7f8-ecb4b63910f7,1599609893605.0,3DI28L7YXEEB5ISAC4R0TYXOHU0E16,Pi,C,10.0,0,3,0,93,627,0.75,endTrial,False
12,5f581cb21034572e66880de4,pilot4b,0312-5a54cbf3-4d0e-484b-b7f8-ecb4b63910f7,1599610034144.0,3DI28L7YXEEB5ISAC4R0TYXOHU0E16,Pi,L,11.0,0,3,0,75,702,0.85,endTrial,False
0,5f581cfd1034572e66880e0e,pilot4b,0738-513adaa7-2548-44a4-8d01-7e2fb3ecbfd4,1599610109121.0,3TVRFO09GOFX1PNV0JZB12R9V6ZXLN,horizontal,vertical,,0,practice,1,100,0,0.0,endTrial,True
1,5f581e221034572e66880e8e,pilot4b,0738-513adaa7-2548-44a4-8d01-7e2fb3ecbfd4,1599610402661.0,3TVRFO09GOFX1PNV0JZB12R9V6ZXLN,C,Pi,0.0,0,0,1,100,100,0.25,endTrial,False
2,5f581f241034572e66880efa,pilot4b,0738-513adaa7-2548-44a4-8d01-7e2fb3ecbfd4,1599610660248.0,3TVRFO09GOFX1PNV0JZB12R9V6ZXLN,L,C,1.0,0,0,1,75,175,0.35,endTrial,False
3,5f58200f1034572e66880f53,pilot4b,0738-513adaa7-2548-44a4-8d01-7e2fb3ecbfd4,1599610895756.0,3TVRFO09GOFX1PNV0JZB12R9V6ZXLN,L,Pi,2.0,0,0,1,100,275,0.6,endTrial,False
4,5f5820c41034572e66880f9c,pilot4b,0738-513adaa7-2548-44a4-8d01-7e2fb3ecbfd4,1599611076516.0,3TVRFO09GOFX1PNV0JZB12R9V6ZXLN,C,L,3.0,0,1,1,100,375,0.85,endTrial,False
5,5f58217b1034572e66880fde,pilot4b,0738-513adaa7-2548-44a4-8d01-7e2fb3ecbfd4,1599611259018.0,3TVRFO09GOFX1PNV0JZB12R9V6ZXLN,Pi,L,4.0,0,1,1,100,475,1.1,endTrial,False
6,5f5822121034572e66881016,pilot4b,0738-513adaa7-2548-44a4-8d01-7e2fb3ecbfd4,1599611410582.0,3TVRFO09GOFX1PNV0JZB12R9V6ZXLN,Pi,C,5.0,0,1,1,100,575,1.35,endTrial,False
7,5f5822751034572e66881034,pilot4b,0738-513adaa7-2548-44a4-8d01-7e2fb3ecbfd4,1599611509892.0,3TVRFO09GOFX1PNV0JZB12R9V6ZXLN,L,Pi,6.0,0,2,1,100,675,1.6,endTrial,False
8,5f5822f01034572e66881053,pilot4b,0738-513adaa7-2548-44a4-8d01-7e2fb3ecbfd4,1599611632648.0,3TVRFO09GOFX1PNV0JZB12R9V6ZXLN,C,Pi,7.0,0,2,1,100,775,1.85,endTrial,False
9,5f5823391034572e6688106f,pilot4b,0738-513adaa7-2548-44a4-8d01-7e2fb3ecbfd4,1599611705980.0,3TVRFO09GOFX1PNV0JZB12R9V6ZXLN,L,C,8.0,0,2,1,100,875,2.1,endTrial,False
10,5f5823781034572e6688107e,pilot4b,0738-513adaa7-2548-44a4-8d01-7e2fb3ecbfd4,1599611768591.0,3TVRFO09GOFX1PNV0JZB12R9V6ZXLN,Pi,C,9.0,0,3,1,100,975,2.35,endTrial,False
11,5f5823bb1034572e66881091,pilot4b,0738-513adaa7-2548-44a4-8d01-7e2fb3ecbfd4,1599611835207.0,3TVRFO09GOFX1PNV0JZB12R9V6ZXLN,C,L,10.0,0,3,1,100,1075,2.6,endTrial,False
12,5f5823ef1034572e668810a2,pilot4b,0738-513adaa7-2548-44a4-8d01-7e2fb3ecbfd4,1599611887271.0,3TVRFO09GOFX1PNV0JZB12R9V6ZXLN,Pi,L,11.0,0,3,1,100,1175,2.85,endTrial,False
0,5f5816091034572e66880c62,pilot4b,1365-1fb4edd2-7f85-4cc2-ac87-8770467a91d7,1599608329663.0,3IX2EGZR7FJ793DJOZH6W5STQ0SJRU,horizontal,vertical,,0,practice,1,25,0,0.0,endTrial,True
1,5f5816861034572e66880c71,pilot4b,1365-1fb4edd2-7f85-4cc2-ac87-8770467a91d7,1599608454724.0,3IX2EGZR7FJ793DJOZH6W5STQ0SJRU,horizontal,vertical,,0,practice,1,50,0,0.0,endTrial,True
2,5f5816e71034572e66880c89,pilot4b,1365-1fb4edd2-7f85-4cc2-ac87-8770467a91d7,1599608551716.0,3IX2EGZR7FJ793DJOZH6W5STQ0SJRU,horizontal,vertical,,0,practice,1,100,0,0.0,endTrial,True
3,5f58193a1034572e66880d1b,pilot4b,1365-1fb4edd2-7f85-4cc2-ac87-8770467a91d7,1599609146797.0,3IX2EGZR7FJ793DJOZH6W5STQ0SJRU,L,C,0.0,0,0,1,62,62,0.1,endTrial,False
4,5f581bc41034572e66880dae,pilot4b,1365-1fb4edd2-7f85-4cc2-ac87-8770467a91d7,1599609796633.0,3IX2EGZR7FJ793DJOZH6W5STQ0SJRU,L,Pi,1.0,0,0,1,75,137,0.2,endTrial,False
5,5f581cfc1034572e66880e0c,pilot4b,1365-1fb4edd2-7f85-4cc2-ac87-8770467a91d7,1599610108425.0,3IX2EGZR7FJ793DJOZH6W5STQ0SJRU,C,Pi,2.0,0,0,1,31,168,0.2,endTrial,False
6,5f581d2a1034572e66880e1f,pilot4b,1365-1fb4edd2-7f85-4cc2-ac87-8770467a91d7,1599610154638.0,3IX2EGZR7FJ793DJOZH6W5STQ0SJRU,Pi,L,3.0,0,1,1,25,193,0.2,endTrial,False
7,5f581d591034572e66880e32,pilot4b,1365-1fb4edd2-7f85-4cc2-ac87-8770467a91d7,1599610201839.0,3IX2EGZR7FJ793DJOZH6W5STQ0SJRU,Pi,C,4.0,0,1,1,37,230,0.2,endTrial,False
8,5f581d951034572e66880e45,pilot4b,1365-1fb4edd2-7f85-4cc2-ac87-8770467a91d7,1599610261873.0,3IX2EGZR7FJ793DJOZH6W5STQ0SJRU,C,L,5.0,0,1,1,31,261,0.2,endTrial,False
9,5f581dc71034572e66880e59,pilot4b,1365-1fb4edd2-7f85-4cc2-ac87-8770467a91d7,1599610311185.0,3IX2EGZR7FJ793DJOZH6W5STQ0SJRU,L,Pi,6.0,0,2,1,12,273,0.2,endTrial,False
10,5f581df61034572e66880e79,pilot4b,1365-1fb4edd2-7f85-4cc2-ac87-8770467a91d7,1599610358703.0,3IX2EGZR7FJ793DJOZH6W5STQ0SJRU,C,Pi,7.0,0,2,1,18,291,0.2,endTrial,False
11,5f581e281034572e66880e93,pilot4b,1365-1fb4edd2-7f85-4cc2-ac87-8770467a91d7,1599610408560.0,3IX2EGZR7FJ793DJOZH6W5STQ0SJRU,L,C,8.0,0,2,1,18,309,0.2,endTrial,False
12,5f581e4e1034572e66880ea4,pilot4b,1365-1fb4edd2-7f85-4cc2-ac87-8770467a91d7,1599610446859.0,3IX2EGZR7FJ793DJOZH6W5STQ0SJRU,Pi,L,9.0,0,3,1,18,327,0.2,endTrial,False
13,5f581e761034572e66880eb4,pilot4b,1365-1fb4edd2-7f85-4cc2-ac87-8770467a91d7,1599610486204.0,3IX2EGZR7FJ793DJOZH6W5STQ0SJRU,Pi,C,10.0,0,3,1,37,364,0.2,endTrial,False
14,5f581e9f1034572e66880eca,pilot4b,1365-1fb4edd2-7f85-4cc2-ac87-8770467a91d7,1599610527466.0,3IX2EGZR7FJ793DJOZH6W5STQ0SJRU,C,L,11.0,0,3,1,31,395,0.2,endTrial,False
0,5f57fc8a1034572e66880470,pilot4b,1690-8f854c73-420c-4820-b76f-2c2ac28a3035,1599601802562.0,3VSOLARPKF9QKPF8RXPXPDBAOGA39N,vertical,horizontal,,0,practice,1,100,0,0.0,endTrial,True
1,5f57fdfc1034572e668804a0,pilot4b,1690-8f854c73-420c-4820-b76f-2c2ac28a3035,1599602172686.0,3VSOLARPKF9QKPF8RXPXPDBAOGA39N,L,Pi,0.0,0,0,1,100,100,0.25,endTrial,False
2,5f57ff951034572e668804f1,pilot4b,1690-8f854c73-420c-4820-b76f-2c2ac28a3035,1599602581946.0,3VSOLARPKF9QKPF8RXPXPDBAOGA39N,L,C,1.0,0,0,1,100,200,0.5,endTrial,False
3,5f5800981034572e66880545,pilot4b,1690-8f854c73-420c-4820-b76f-2c2ac28a3035,1599602840074.0,3VSOLARPKF9QKPF8RXPXPDBAOGA39N,C,Pi,2.0,0,0,1,100,300,0.75,endTrial,False
4,5f5801ac1034572e668805a4,pilot4b,1690-8f854c73-420c-4820-b76f-2c2ac28a3035,1599603116946.0,3VSOLARPKF9QKPF8RXPXPDBAOGA39N,Pi,C,3.0,0,1,1,100,400,1.0,endTrial,False
5,5f5802b61034572e66880603,pilot4b,1690-8f854c73-420c-4820-b76f-2c2ac28a3035,1599603382899.0,3VSOLARPKF9QKPF8RXPXPDBAOGA39N,C,L,4.0,0,1,1,87,487,1.14,endTrial,False
6,5f5803601034572e66880643,pilot4b,1690-8f854c73-420c-4820-b76f-2c2ac28a3035,1599603552284.0,3VSOLARPKF9QKPF8RXPXPDBAOGA39N,Pi,L,5.0,0,1,1,100,587,1.4,endTrial,False
7,5f5804331034572e66880683,pilot4b,1690-8f854c73-420c-4820-b76f-2c2ac28a3035,1599603763803.0,3VSOLARPKF9QKPF8RXPXPDBAOGA39N,L,Pi,6.0,0,2,1,100,687,1.65,endTrial,False
8,5f5804ed1034572e668806ac,pilot4b,1690-8f854c73-420c-4820-b76f-2c2ac28a3035,1599603949307.0,3VSOLARPKF9QKPF8RXPXPDBAOGA39N,C,Pi,7.0,0,2,1,100,787,1.9,endTrial,False
9,5f5805761034572e668806ce,pilot4b,1690-8f854c73-420c-4820-b76f-2c2ac28a3035,1599604086078.0,3VSOLARPKF9QKPF8RXPXPDBAOGA39N,L,C,8.0,0,2,1,87,874,2.04,endTrial,False
10,5f5806051034572e668806fa,pilot4b,1690-8f854c73-420c-4820-b76f-2c2ac28a3035,1599604229093.0,3VSOLARPKF9QKPF8RXPXPDBAOGA39N,C,L,9.0,0,3,1,56,930,2.04,endTrial,False
11,5f5806881034572e66880721,pilot4b,1690-8f854c73-420c-4820-b76f-2c2ac28a3035,1599604360212.0,3VSOLARPKF9QKPF8RXPXPDBAOGA39N,Pi,C,10.0,0,3,1,100,1030,2.29,endTrial,False
12,5f5807bf1034572e66880769,pilot4b,1690-8f854c73-420c-4820-b76f-2c2ac28a3035,1599604671717.0,3VSOLARPKF9QKPF8RXPXPDBAOGA39N,Pi,L,11.0,0,3,1,100,1130,2.54,endTrial,False
0,5f5920d51034572e668819ec,pilot4b,2409-8e3cd70d-3066-4782-9d23-e3fecd179ac1,1599676629341.0,3DIP6YHAPGSTGICVBP0F88KWV78E86,vertical,horizontal,,0,practice,0,100,0,0.0,endTrial,True
1,5f5922791034572e66881a8f,pilot4b,2409-8e3cd70d-3066-4782-9d23-e3fecd179ac1,1599677049078.0,3DIP6YHAPGSTGICVBP0F88KWV78E86,C,Pi,0.0,0,0,0,62,62,0.1,endTrial,False
2,5f59240b1034572e66881b07,pilot4b,2409-8e3cd70d-3066-4782-9d23-e3fecd179ac1,1599677451596.0,3DIP6YHAPGSTGICVBP0F88KWV78E86,L,Pi,1.0,0,0,0,93,155,0.25,endTrial,False
3,5f5925121034572e66881b5d,pilot4b,2409-8e3cd70d-3066-4782-9d23-e3fecd179ac1,1599677714406.0,3DIP6YHAPGSTGICVBP0F88KWV78E86,L,C,2.0,0,0,0,87,242,0.4,endTrial,False
4,5f5925d61034572e66881ba1,pilot4b,2409-8e3cd70d-3066-4782-9d23-e3fecd179ac1,1599677910368.0,3DIP6YHAPGSTGICVBP0F88KWV78E86,C,L,3.0,0,1,0,100,342,0.65,endTrial,False
5,5f5926a61034572e66881bd7,pilot4b,2409-8e3cd70d-3066-4782-9d23-e3fecd179ac1,1599678118453.0,3DIP6YHAPGSTGICVBP0F88KWV78E86,Pi,L,4.0,0,1,0,93,435,0.8,endTrial,False
6,5f59275f1034572e66881c18,pilot4b,2409-8e3cd70d-3066-4782-9d23-e3fecd179ac1,1599678303148.0,3DIP6YHAPGSTGICVBP0F88KWV78E86,Pi,C,5.0,0,1,0,100,535,1.05,endTrial,False
7,5f5927ea1034572e66881c53,pilot4b,2409-8e3cd70d-3066-4782-9d23-e3fecd179ac1,1599678442212.0,3DIP6YHAPGSTGICVBP0F88KWV78E86,L,Pi,6.0,0,2,0,93,628,1.2,endTrial,False
8,5f5928731034572e66881c93,pilot4b,2409-8e3cd70d-3066-4782-9d23-e3fecd179ac1,1599678579858.0,3DIP6YHAPGSTGICVBP0F88KWV78E86,L,C,7.0,0,2,0,100,728,1.45,endTrial,False
9,5f5929061034572e66881cd9,pilot4b,2409-8e3cd70d-3066-4782-9d23-e3fecd179ac1,1599678726121.0,3DIP6YHAPGSTGICVBP0F88KWV78E86,C,Pi,8.0,0,2,0,100,828,1.7,endTrial,False
10,5f5929921034572e66881d0b,pilot4b,2409-8e3cd70d-3066-4782-9d23-e3fecd179ac1,1599678866346.0,3DIP6YHAPGSTGICVBP0F88KWV78E86,Pi,L,9.0,0,3,0,87,915,1.85,endTrial,False
11,5f592a191034572e66881d39,pilot4b,2409-8e3cd70d-3066-4782-9d23-e3fecd179ac1,1599679001631.0,3DIP6YHAPGSTGICVBP0F88KWV78E86,Pi,C,10.0,0,3,0,100,1015,2.09,endTrial,False
12,5f592a9a1034572e66881d67,pilot4b,2409-8e3cd70d-3066-4782-9d23-e3fecd179ac1,1599679130111.0,3DIP6YHAPGSTGICVBP0F88KWV78E86,C,L,11.0,0,3,0,100,1115,2.34,endTrial,False
0,5f5914c71034572e6688154a,pilot4b,2708-886eba61-2274-429a-bd7e-05b4e0a5630d,1599673543280.0,3SNVL38CI8SYELUIONRN8PTK5VBKCO,vertical,horizontal,,0,practice,1,25,0,0.0,endTrial,True
1,5f5914f61034572e6688155e,pilot4b,2708-886eba61-2274-429a-bd7e-05b4e0a5630d,1599673590713.0,3SNVL38CI8SYELUIONRN8PTK5VBKCO,vertical,horizontal,,0,practice,1,75,0,0.0,endTrial,True
2,5f5915251034572e66881574,pilot4b,2708-886eba61-2274-429a-bd7e-05b4e0a5630d,1599673637449.0,3SNVL38CI8SYELUIONRN8PTK5VBKCO,vertical,horizontal,,0,practice,1,100,0,0.0,endTrial,True
3,5f5915e11034572e668815c9,pilot4b,2708-886eba61-2274-429a-bd7e-05b4e0a5630d,1599673825274.0,3SNVL38CI8SYELUIONRN8PTK5VBKCO,L,C,0.0,0,0,1,87,87,0.15,endTrial,False
4,5f5916a31034572e66881627,pilot4b,2708-886eba61-2274-429a-bd7e-05b4e0a5630d,1599674019572.0,3SNVL38CI8SYELUIONRN8PTK5VBKCO,L,Pi,1.0,0,0,1,75,162,0.25,endTrial,False
5,5f5917681034572e66881676,pilot4b,2708-886eba61-2274-429a-bd7e-05b4e0a5630d,1599674216621.0,3SNVL38CI8SYELUIONRN8PTK5VBKCO,C,Pi,2.0,0,0,1,50,212,0.25,endTrial,False
6,5f5918691034572e66881701,pilot4b,2708-886eba61-2274-429a-bd7e-05b4e0a5630d,1599674473500.0,3SNVL38CI8SYELUIONRN8PTK5VBKCO,C,L,3.0,0,1,1,81,293,0.4,endTrial,False
7,5f5919901034572e6688175c,pilot4b,2708-886eba61-2274-429a-bd7e-05b4e0a5630d,1599674768474.0,3SNVL38CI8SYELUIONRN8PTK5VBKCO,Pi,L,4.0,0,1,1,81,374,0.55,endTrial,False
8,5f591ab21034572e668817bb,pilot4b,2708-886eba61-2274-429a-bd7e-05b4e0a5630d,1599675058228.0,3SNVL38CI8SYELUIONRN8PTK5VBKCO,Pi,C,5.0,0,1,1,68,442,0.65,endTrial,False
9,5f591b941034572e6688181e,pilot4b,2708-886eba61-2274-429a-bd7e-05b4e0a5630d,1599675284635.0,3SNVL38CI8SYELUIONRN8PTK5VBKCO,L,C,6.0,0,2,1,87,529,0.8,endTrial,False
10,5f591c701034572e6688186e,pilot4b,2708-886eba61-2274-429a-bd7e-05b4e0a5630d,1599675504166.0,3SNVL38CI8SYELUIONRN8PTK5VBKCO,L,Pi,7.0,0,2,1,87,616,0.95,endTrial,False
11,5f591d491034572e668818b3,pilot4b,2708-886eba61-2274-429a-bd7e-05b4e0a5630d,1599675721625.0,3SNVL38CI8SYELUIONRN8PTK5VBKCO,C,Pi,8.0,0,2,1,93,709,1.1,endTrial,False
12,5f591e171034572e668818ff,pilot4b,2708-886eba61-2274-429a-bd7e-05b4e0a5630d,1599675927776.0,3SNVL38CI8SYELUIONRN8PTK5VBKCO,Pi,C,9.0,0,3,1,100,809,1.35,endTrial,False
13,5f591edc1034572e6688194f,pilot4b,2708-886eba61-2274-429a-bd7e-05b4e0a5630d,1599676124181.0,3SNVL38CI8SYELUIONRN8PTK5VBKCO,C,L,10.0,0,3,1,100,909,1.6,endTrial,False
14,5f591f741034572e6688199c,pilot4b,2708-886eba61-2274-429a-bd7e-05b4e0a5630d,1599676276450.0,3SNVL38CI8SYELUIONRN8PTK5VBKCO,Pi,L,11.0,0,3,1,100,1009,1.85,endTrial,False
0,5f5913ca1034572e668814f4,pilot4b,3059-050cd068-aa3c-4719-b35e-f00f7bda528f,1599673290046.0,3DQQ64TANKL83AX3I6WWG0MMRKMWPV,horizontal,vertical,,0,practice,0,100,0,0.0,endTrial,True
1,5f5914ff1034572e66881560,pilot4b,3059-050cd068-aa3c-4719-b35e-f00f7bda528f,1599673599274.0,3DQQ64TANKL83AX3I6WWG0MMRKMWPV,C,Pi,0.0,0,0,0,68,68,0.1,endTrial,False
2,5f59164b1034572e668815f7,pilot4b,3059-050cd068-aa3c-4719-b35e-f00f7bda528f,1599673931049.0,3DQQ64TANKL83AX3I6WWG0MMRKMWPV,L,Pi,1.0,0,0,0,37,105,0.1,endTrial,False
3,5f5917db1034572e668816bd,pilot4b,3059-050cd068-aa3c-4719-b35e-f00f7bda528f,1599674331011.0,3DQQ64TANKL83AX3I6WWG0MMRKMWPV,L,C,2.0,0,0,0,93,198,0.25,endTrial,False
4,5f59189d1034572e66881712,pilot4b,3059-050cd068-aa3c-4719-b35e-f00f7bda528f,1599674525781.0,3DQQ64TANKL83AX3I6WWG0MMRKMWPV,C,L,3.0,0,1,0,100,298,0.5,endTrial,False
5,5f591a391034572e66881799,pilot4b,3059-050cd068-aa3c-4719-b35e-f00f7bda528f,1599674937015.0,3DQQ64TANKL83AX3I6WWG0MMRKMWPV,Pi,L,4.0,0,1,0,93,391,0.65,endTrial,False
6,5f591af21034572e668817d3,pilot4b,3059-050cd068-aa3c-4719-b35e-f00f7bda528f,1599675122460.0,3DQQ64TANKL83AX3I6WWG0MMRKMWPV,Pi,C,5.0,0,1,0,62,453,0.75,endTrial,False
7,5f591bd31034572e66881840,pilot4b,3059-050cd068-aa3c-4719-b35e-f00f7bda528f,1599675347324.0,3DQQ64TANKL83AX3I6WWG0MMRKMWPV,L,Pi,6.0,0,2,0,100,553,1.0,endTrial,False
8,5f591cb81034572e66881880,pilot4b,3059-050cd068-aa3c-4719-b35e-f00f7bda528f,1599675576004.0,3DQQ64TANKL83AX3I6WWG0MMRKMWPV,C,Pi,7.0,0,2,0,68,621,1.1,endTrial,False
9,5f591d721034572e668818c2,pilot4b,3059-050cd068-aa3c-4719-b35e-f00f7bda528f,1599675762457.0,3DQQ64TANKL83AX3I6WWG0MMRKMWPV,L,C,8.0,0,2,0,100,721,1.35,endTrial,False
10,5f591dd11034572e668818e5,pilot4b,3059-050cd068-aa3c-4719-b35e-f00f7bda528f,1599675857256.0,3DQQ64TANKL83AX3I6WWG0MMRKMWPV,Pi,L,9.0,0,3,0,75,796,1.45,endTrial,False
11,5f591e7e1034572e66881924,pilot4b,3059-050cd068-aa3c-4719-b35e-f00f7bda528f,1599676030903.0,3DQQ64TANKL83AX3I6WWG0MMRKMWPV,C,L,10.0,0,3,0,43,839,1.45,endTrial,False
12,5f591f3a1034572e6688197b,pilot4b,3059-050cd068-aa3c-4719-b35e-f00f7bda528f,1599676218072.0,3DQQ64TANKL83AX3I6WWG0MMRKMWPV,Pi,C,11.0,0,3,0,100,939,1.7,endTrial,False
0,5f5824ab1034572e668810cb,pilot4b,3196-c523b7b2-0fe5-4857-a1c4-8b60628602fe,1599612075575.0,3Y4W8Q93L3KMZOU8NN05U4MJ6NSVD7,horizontal,vertical,,0,practice,0,100,0,0.0,endTrial,True
1,5f5825b21034572e668810f9,pilot4b,3196-c523b7b2-0fe5-4857-a1c4-8b60628602fe,1599612338252.0,3Y4W8Q93L3KMZOU8NN05U4MJ6NSVD7,C,Pi,0.0,0,0,0,100,100,0.25,endTrial,False
2,5f5826301034572e66881119,pilot4b,3196-c523b7b2-0fe5-4857-a1c4-8b60628602fe,1599612464971.0,3Y4W8Q93L3KMZOU8NN05U4MJ6NSVD7,L,Pi,1.0,0,0,0,87,187,0.4,endTrial,False
3,5f5826a31034572e6688113c,pilot4b,3196-c523b7b2-0fe5-4857-a1c4-8b60628602fe,1599612579630.0,3Y4W8Q93L3KMZOU8NN05U4MJ6NSVD7,L,C,2.0,0,0,0,100,287,0.65,endTrial,False
4,5f5826e31034572e6688114d,pilot4b,3196-c523b7b2-0fe5-4857-a1c4-8b60628602fe,1599612643432.0,3Y4W8Q93L3KMZOU8NN05U4MJ6NSVD7,C,L,3.0,0,1,0,100,387,0.9,endTrial,False
5,5f5827711034572e66881169,pilot4b,3196-c523b7b2-0fe5-4857-a1c4-8b60628602fe,1599612785669.0,3Y4W8Q93L3KMZOU8NN05U4MJ6NSVD7,Pi,C,4.0,0,1,0,100,487,1.14,endTrial,False
6,5f5827a91034572e66881183,pilot4b,3196-c523b7b2-0fe5-4857-a1c4-8b60628602fe,1599612841346.0,3Y4W8Q93L3KMZOU8NN05U4MJ6NSVD7,Pi,L,5.0,0,1,0,100,587,1.4,endTrial,False
7,5f5827d51034572e66881197,pilot4b,3196-c523b7b2-0fe5-4857-a1c4-8b60628602fe,1599612885440.0,3Y4W8Q93L3KMZOU8NN05U4MJ6NSVD7,L,Pi,6.0,0,2,0,100,687,1.65,endTrial,False
8,5f5828041034572e668811a9,pilot4b,3196-c523b7b2-0fe5-4857-a1c4-8b60628602fe,1599612932016.0,3Y4W8Q93L3KMZOU8NN05U4MJ6NSVD7,C,Pi,7.0,0,2,0,100,787,1.9,endTrial,False
9,5f58282d1034572e668811bf,pilot4b,3196-c523b7b2-0fe5-4857-a1c4-8b60628602fe,1599612973694.0,3Y4W8Q93L3KMZOU8NN05U4MJ6NSVD7,L,C,8.0,0,2,0,100,887,2.15,endTrial,False
10,5f5828551034572e668811d1,pilot4b,3196-c523b7b2-0fe5-4857-a1c4-8b60628602fe,1599613013695.0,3Y4W8Q93L3KMZOU8NN05U4MJ6NSVD7,C,L,9.0,0,3,0,100,987,2.4,endTrial,False
11,5f5828801034572e668811e6,pilot4b,3196-c523b7b2-0fe5-4857-a1c4-8b60628602fe,1599613056498.0,3Y4W8Q93L3KMZOU8NN05U4MJ6NSVD7,Pi,C,10.0,0,3,0,100,1087,2.65,endTrial,False
12,5f5828b71034572e66881201,pilot4b,3196-c523b7b2-0fe5-4857-a1c4-8b60628602fe,1599613111633.0,3Y4W8Q93L3KMZOU8NN05U4MJ6NSVD7,Pi,L,11.0,0,3,0,100,1187,2.9,endTrial,False
0,5f580c5a1034572e66880869,pilot4b,3475-290af8ae-e48a-4b6d-887b-05bc7f9b96b3,1599605850531.0,3C2NJ6JBKEHMO9NJO7UXO412NSFN2L,vertical,horizontal,,0,practice,1,75,0,0.0,endTrial,True
1,5f580c861034572e66880874,pilot4b,3475-290af8ae-e48a-4b6d-887b-05bc7f9b96b3,1599605894867.0,3C2NJ6JBKEHMO9NJO7UXO412NSFN2L,vertical,horizontal,,0,practice,1,100,0,0.0,endTrial,True
2,5f580d3f1034572e668808a6,pilot4b,3475-290af8ae-e48a-4b6d-887b-05bc7f9b96b3,1599606079872.0,3C2NJ6JBKEHMO9NJO7UXO412NSFN2L,L,Pi,0.0,0,0,1,75,75,0.1,endTrial,False
3,5f580de01034572e668808e1,pilot4b,3475-290af8ae-e48a-4b6d-887b-05bc7f9b96b3,1599606240797.0,3C2NJ6JBKEHMO9NJO7UXO412NSFN2L,L,C,1.0,0,0,1,87,162,0.25,endTrial,False
4,5f580e681034572e66880924,pilot4b,3475-290af8ae-e48a-4b6d-887b-05bc7f9b96b3,1599606376005.0,3C2NJ6JBKEHMO9NJO7UXO412NSFN2L,C,Pi,2.0,0,0,1,68,230,0.35,endTrial,False
5,5f580f051034572e6688096f,pilot4b,3475-290af8ae-e48a-4b6d-887b-05bc7f9b96b3,1599606533738.0,3C2NJ6JBKEHMO9NJO7UXO412NSFN2L,C,L,3.0,0,1,1,50,280,0.35,endTrial,False
6,5f580faa1034572e668809cf,pilot4b,3475-290af8ae-e48a-4b6d-887b-05bc7f9b96b3,1599606698797.0,3C2NJ6JBKEHMO9NJO7UXO412NSFN2L,Pi,L,4.0,0,1,1,56,336,0.35,endTrial,False
7,5f58104f1034572e66880a12,pilot4b,3475-290af8ae-e48a-4b6d-887b-05bc7f9b96b3,1599606863352.0,3C2NJ6JBKEHMO9NJO7UXO412NSFN2L,Pi,C,5.0,0,1,1,68,404,0.44,endTrial,False
8,5f5810ec1034572e66880a62,pilot4b,3475-290af8ae-e48a-4b6d-887b-05bc7f9b96b3,1599607020545.0,3C2NJ6JBKEHMO9NJO7UXO412NSFN2L,L,Pi,6.0,0,2,1,87,491,0.6,endTrial,False
9,5f5811601034572e66880aa2,pilot4b,3475-290af8ae-e48a-4b6d-887b-05bc7f9b96b3,1599607136203.0,3C2NJ6JBKEHMO9NJO7UXO412NSFN2L,L,C,7.0,0,2,1,100,591,0.85,endTrial,False
10,5f5811e11034572e66880aec,pilot4b,3475-290af8ae-e48a-4b6d-887b-05bc7f9b96b3,1599607265280.0,3C2NJ6JBKEHMO9NJO7UXO412NSFN2L,C,Pi,8.0,0,2,1,81,672,1.0,endTrial,False
11,5f58123e1034572e66880b16,pilot4b,3475-290af8ae-e48a-4b6d-887b-05bc7f9b96b3,1599607358387.0,3C2NJ6JBKEHMO9NJO7UXO412NSFN2L,Pi,C,9.0,0,3,1,100,772,1.25,endTrial,False
12,5f5812941034572e66880b3b,pilot4b,3475-290af8ae-e48a-4b6d-887b-05bc7f9b96b3,1599607444426.0,3C2NJ6JBKEHMO9NJO7UXO412NSFN2L,C,L,10.0,0,3,1,100,872,1.5,endTrial,False
13,5f5812e91034572e66880b6a,pilot4b,3475-290af8ae-e48a-4b6d-887b-05bc7f9b96b3,1599607529145.0,3C2NJ6JBKEHMO9NJO7UXO412NSFN2L,Pi,L,11.0,0,3,1,87,959,1.65,endTrial,False
0,5f591f661034572e66881992,pilot4b,3630-b1e7fd9f-7c24-40d4-b76e-f01c2526d1e8,1599676262548.0,373ERPL3YS81N69O0TVAYBF2O9ATRE,vertical,horizontal,,0,practice,0,25,0,0.0,endTrial,True
1,5f591fbe1034572e668819aa,pilot4b,3630-b1e7fd9f-7c24-40d4-b76e-f01c2526d1e8,1599676350656.0,373ERPL3YS81N69O0TVAYBF2O9ATRE,vertical,horizontal,,0,practice,0,100,0,0.0,endTrial,True
2,5f5921ac1034572e66881a3a,pilot4b,3630-b1e7fd9f-7c24-40d4-b76e-f01c2526d1e8,1599676844845.0,373ERPL3YS81N69O0TVAYBF2O9ATRE,L,C,0.0,0,0,0,31,31,0.0,endTrial,False
3,5f59230f1034572e66881ac4,pilot4b,3630-b1e7fd9f-7c24-40d4-b76e-f01c2526d1e8,1599677199141.0,373ERPL3YS81N69O0TVAYBF2O9ATRE,C,Pi,1.0,0,0,0,87,118,0.15,endTrial,False
4,5f5924181034572e66881b0e,pilot4b,3630-b1e7fd9f-7c24-40d4-b76e-f01c2526d1e8,1599677464879.0,373ERPL3YS81N69O0TVAYBF2O9ATRE,L,Pi,2.0,0,0,0,50,168,0.15,endTrial,False
5,5f5925451034572e66881b74,pilot4b,3630-b1e7fd9f-7c24-40d4-b76e-f01c2526d1e8,1599677765823.0,373ERPL3YS81N69O0TVAYBF2O9ATRE,C,L,3.0,0,1,0,62,230,0.25,endTrial,False
6,5f5927351034572e66881c05,pilot4b,3630-b1e7fd9f-7c24-40d4-b76e-f01c2526d1e8,1599678261552.0,373ERPL3YS81N69O0TVAYBF2O9ATRE,Pi,C,4.0,0,1,0,56,286,0.25,endTrial,False
7,5f5927f41034572e66881c56,pilot4b,3630-b1e7fd9f-7c24-40d4-b76e-f01c2526d1e8,1599678452200.0,373ERPL3YS81N69O0TVAYBF2O9ATRE,Pi,L,5.0,0,1,0,100,386,0.5,endTrial,False
8,5f59286c1034572e66881c8f,pilot4b,3630-b1e7fd9f-7c24-40d4-b76e-f01c2526d1e8,1599678572627.0,373ERPL3YS81N69O0TVAYBF2O9ATRE,L,C,6.0,0,2,0,100,486,0.75,endTrial,False
9,5f5928e11034572e66881cc5,pilot4b,3630-b1e7fd9f-7c24-40d4-b76e-f01c2526d1e8,1599678689722.0,373ERPL3YS81N69O0TVAYBF2O9ATRE,C,Pi,7.0,0,2,0,100,586,1.0,endTrial,False
10,5f59297b1034572e66881d05,pilot4b,3630-b1e7fd9f-7c24-40d4-b76e-f01c2526d1e8,1599678843220.0,373ERPL3YS81N69O0TVAYBF2O9ATRE,L,Pi,8.0,0,2,0,75,661,1.1,endTrial,False
11,5f592a371034572e66881d40,pilot4b,3630-b1e7fd9f-7c24-40d4-b76e-f01c2526d1e8,1599679031576.0,373ERPL3YS81N69O0TVAYBF2O9ATRE,Pi,L,9.0,0,3,0,100,761,1.35,endTrial,False
12,5f592ab41034572e66881d6d,pilot4b,3630-b1e7fd9f-7c24-40d4-b76e-f01c2526d1e8,1599679156755.0,373ERPL3YS81N69O0TVAYBF2O9ATRE,Pi,C,10.0,0,3,0,100,861,1.6,endTrial,False
13,5f592b351034572e66881d7f,pilot4b,3630-b1e7fd9f-7c24-40d4-b76e-f01c2526d1e8,1599679285386.0,373ERPL3YS81N69O0TVAYBF2O9ATRE,C,L,11.0,0,3,0,100,961,1.85,endTrial,False
0,5f580d871034572e668808ba,pilot4b,3988-20e89f81-a9f9-4ca2-84b8-789d4cdbdf9c,1599606151314.0,3JNQLM5FT8MW09KYCUEIBCXDIWZ2LG,horizontal,vertical,,0,practice,0,100,0,0.0,endTrial,True
1,5f580e8e1034572e66880935,pilot4b,3988-20e89f81-a9f9-4ca2-84b8-789d4cdbdf9c,1599606414028.0,3JNQLM5FT8MW09KYCUEIBCXDIWZ2LG,L,Pi,0.0,0,0,0,68,68,0.1,endTrial,False
2,5f580f6d1034572e668809b2,pilot4b,3988-20e89f81-a9f9-4ca2-84b8-789d4cdbdf9c,1599606637191.0,3JNQLM5FT8MW09KYCUEIBCXDIWZ2LG,C,Pi,1.0,0,0,0,100,168,0.35,endTrial,False
3,5f5810081034572e668809f0,pilot4b,3988-20e89f81-a9f9-4ca2-84b8-789d4cdbdf9c,1599606792129.0,3JNQLM5FT8MW09KYCUEIBCXDIWZ2LG,L,C,2.0,0,0,0,100,268,0.6,endTrial,False
4,5f58103d1034572e66880a08,pilot4b,3988-20e89f81-a9f9-4ca2-84b8-789d4cdbdf9c,1599606845500.0,3JNQLM5FT8MW09KYCUEIBCXDIWZ2LG,Pi,C,3.0,0,1,0,100,368,0.85,endTrial,False
5,5f58107f1034572e66880a28,pilot4b,3988-20e89f81-a9f9-4ca2-84b8-789d4cdbdf9c,1599606911976.0,3JNQLM5FT8MW09KYCUEIBCXDIWZ2LG,Pi,L,4.0,0,1,0,100,468,1.1,endTrial,False
6,5f5810ba1034572e66880a41,pilot4b,3988-20e89f81-a9f9-4ca2-84b8-789d4cdbdf9c,1599606970758.0,3JNQLM5FT8MW09KYCUEIBCXDIWZ2LG,C,L,5.0,0,1,0,62,530,1.2,endTrial,False
7,5f5810e61034572e66880a5f,pilot4b,3988-20e89f81-a9f9-4ca2-84b8-789d4cdbdf9c,1599607014677.0,3JNQLM5FT8MW09KYCUEIBCXDIWZ2LG,L,Pi,6.0,0,2,0,100,630,1.45,endTrial,False
8,5f58112d1034572e66880a88,pilot4b,3988-20e89f81-a9f9-4ca2-84b8-789d4cdbdf9c,1599607085910.0,3JNQLM5FT8MW09KYCUEIBCXDIWZ2LG,L,C,7.0,0,2,0,100,730,1.7,endTrial,False
9,5f5811531034572e66880a9b,pilot4b,3988-20e89f81-a9f9-4ca2-84b8-789d4cdbdf9c,1599607123030.0,3JNQLM5FT8MW09KYCUEIBCXDIWZ2LG,C,Pi,8.0,0,2,0,100,830,1.95,endTrial,False
10,5f5811781034572e66880ab2,pilot4b,3988-20e89f81-a9f9-4ca2-84b8-789d4cdbdf9c,1599607160616.0,3JNQLM5FT8MW09KYCUEIBCXDIWZ2LG,Pi,L,9.0,0,3,0,100,930,2.2,endTrial,False
11,5f5811a01034572e66880acf,pilot4b,3988-20e89f81-a9f9-4ca2-84b8-789d4cdbdf9c,1599607200927.0,3JNQLM5FT8MW09KYCUEIBCXDIWZ2LG,Pi,C,10.0,0,3,0,100,1030,2.45,endTrial,False
12,5f5811d71034572e66880ae8,pilot4b,3988-20e89f81-a9f9-4ca2-84b8-789d4cdbdf9c,1599607255072.0,3JNQLM5FT8MW09KYCUEIBCXDIWZ2LG,C,L,11.0,0,3,0,68,1098,2.55,endTrial,False
0,5f58280a1034572e668811ad,pilot4b,4338-9f5cbb3a-a351-45e4-9b99-dc2737fd4658,1599612938771.0,3C5W7UE9CJQH775G0V0Q1F6YVCZMXQ,horizontal,vertical,,0,practice,0,100,0,0.0,endTrial,True
1,5f5828bd1034572e66881204,pilot4b,4338-9f5cbb3a-a351-45e4-9b99-dc2737fd4658,1599613117025.0,3C5W7UE9CJQH775G0V0Q1F6YVCZMXQ,C,Pi,0.0,0,0,0,100,100,0.25,endTrial,False
2,5f58292b1034572e66881225,pilot4b,4338-9f5cbb3a-a351-45e4-9b99-dc2737fd4658,1599613227588.0,3C5W7UE9CJQH775G0V0Q1F6YVCZMXQ,L,Pi,1.0,0,0,0,100,200,0.5,endTrial,False
3,5f5829ad1034572e66881248,pilot4b,4338-9f5cbb3a-a351-45e4-9b99-dc2737fd4658,1599613357357.0,3C5W7UE9CJQH775G0V0Q1F6YVCZMXQ,L,C,2.0,0,0,0,100,300,0.75,endTrial,False
4,5f582a101034572e66881275,pilot4b,4338-9f5cbb3a-a351-45e4-9b99-dc2737fd4658,1599613456058.0,3C5W7UE9CJQH775G0V0Q1F6YVCZMXQ,C,L,3.0,0,1,0,100,400,1.0,endTrial,False
5,5f582a731034572e668812a9,pilot4b,4338-9f5cbb3a-a351-45e4-9b99-dc2737fd4658,1599613555793.0,3C5W7UE9CJQH775G0V0Q1F6YVCZMXQ,Pi,L,4.0,0,1,0,100,500,1.25,endTrial,False
6,5f582ae31034572e668812d3,pilot4b,4338-9f5cbb3a-a351-45e4-9b99-dc2737fd4658,1599613667538.0,3C5W7UE9CJQH775G0V0Q1F6YVCZMXQ,Pi,C,5.0,0,1,0,100,600,1.5,endTrial,False
7,5f582b4b1034572e668812f5,pilot4b,4338-9f5cbb3a-a351-45e4-9b99-dc2737fd4658,1599613771078.0,3C5W7UE9CJQH775G0V0Q1F6YVCZMXQ,L,C,6.0,0,2,0,100,700,1.75,endTrial,False
8,5f582b981034572e6688130c,pilot4b,4338-9f5cbb3a-a351-45e4-9b99-dc2737fd4658,1599613848628.0,3C5W7UE9CJQH775G0V0Q1F6YVCZMXQ,L,Pi,7.0,0,2,0,100,800,2.0,endTrial,False
9,5f582bfe1034572e6688132e,pilot4b,4338-9f5cbb3a-a351-45e4-9b99-dc2737fd4658,1599613950973.0,3C5W7UE9CJQH775G0V0Q1F6YVCZMXQ,C,Pi,8.0,0,2,0,100,900,2.25,endTrial,False
10,5f582c601034572e6688133e,pilot4b,4338-9f5cbb3a-a351-45e4-9b99-dc2737fd4658,1599614048893.0,3C5W7UE9CJQH775G0V0Q1F6YVCZMXQ,C,L,9.0,0,3,0,100,1000,2.5,endTrial,False
11,5f582cab1034572e6688134b,pilot4b,4338-9f5cbb3a-a351-45e4-9b99-dc2737fd4658,1599614123020.0,3C5W7UE9CJQH775G0V0Q1F6YVCZMXQ,Pi,L,10.0,0,3,0,100,1100,2.75,endTrial,False
12,5f582d0e1034572e6688135a,pilot4b,4338-9f5cbb3a-a351-45e4-9b99-dc2737fd4658,1599614222611.0,3C5W7UE9CJQH775G0V0Q1F6YVCZMXQ,Pi,C,11.0,0,3,0,100,1200,3.0,endTrial,False
0,5f57ff811034572e668804ea,pilot4b,4707-961944fa-e708-42f9-b799-7f154252d87a,1599602561250.0,3X1FV8S5J1RPB84ZPD1D0PPGJDYGVO,horizontal,vertical,,0,practice,1,100,0,0.0,endTrial,True
1,5f58002a1034572e66880525,pilot4b,4707-961944fa-e708-42f9-b799-7f154252d87a,1599602730722.0,3X1FV8S5J1RPB84ZPD1D0PPGJDYGVO,L,Pi,0.0,0,0,1,25,25,0.0,endTrial,False
2,5f5800bc1034572e66880554,pilot4b,4707-961944fa-e708-42f9-b799-7f154252d87a,1599602876637.0,3X1FV8S5J1RPB84ZPD1D0PPGJDYGVO,L,C,1.0,0,0,1,31,56,0.0,endTrial,False
3,5f58018d1034572e66880598,pilot4b,4707-961944fa-e708-42f9-b799-7f154252d87a,1599603085830.0,3X1FV8S5J1RPB84ZPD1D0PPGJDYGVO,C,Pi,2.0,0,0,1,18,74,0.0,endTrial,False
4,5f5802251034572e668805cd,pilot4b,4707-961944fa-e708-42f9-b799-7f154252d87a,1599603237780.0,3X1FV8S5J1RPB84ZPD1D0PPGJDYGVO,Pi,L,3.0,0,1,1,37,111,0.0,endTrial,False
5,5f5802c11034572e6688060a,pilot4b,4707-961944fa-e708-42f9-b799-7f154252d87a,1599603393377.0,3X1FV8S5J1RPB84ZPD1D0PPGJDYGVO,Pi,C,4.0,0,1,1,37,148,0.0,endTrial,False
6,5f58032f1034572e66880630,pilot4b,4707-961944fa-e708-42f9-b799-7f154252d87a,1599603503714.0,3X1FV8S5J1RPB84ZPD1D0PPGJDYGVO,C,L,5.0,0,1,1,25,173,0.0,endTrial,False
7,5f5804541034572e6688068c,pilot4b,4707-961944fa-e708-42f9-b799-7f154252d87a,1599603796261.0,3X1FV8S5J1RPB84ZPD1D0PPGJDYGVO,C,Pi,6.0,0,2,1,31,204,0.0,endTrial,False
8,5f5805611034572e668806c6,pilot4b,4707-961944fa-e708-42f9-b799-7f154252d87a,1599604065647.0,3X1FV8S5J1RPB84ZPD1D0PPGJDYGVO,L,Pi,7.0,0,2,1,18,222,0.0,endTrial,False
9,5f5806a71034572e66880729,pilot4b,4707-961944fa-e708-42f9-b799-7f154252d87a,1599604391580.0,3X1FV8S5J1RPB84ZPD1D0PPGJDYGVO,L,C,8.0,0,2,1,18,240,0.0,endTrial,False
10,5f5807a71034572e66880762,pilot4b,4707-961944fa-e708-42f9-b799-7f154252d87a,1599604647134.0,3X1FV8S5J1RPB84ZPD1D0PPGJDYGVO,Pi,C,9.0,0,3,1,100,340,0.25,endTrial,False
11,5f5808441034572e6688078b,pilot4b,4707-961944fa-e708-42f9-b799-7f154252d87a,1599604804117.0,3X1FV8S5J1RPB84ZPD1D0PPGJDYGVO,Pi,L,10.0,0,3,1,100,440,0.5,endTrial,False
12,5f5808b11034572e668807a7,pilot4b,4707-961944fa-e708-42f9-b799-7f154252d87a,1599604913824.0,3X1FV8S5J1RPB84ZPD1D0PPGJDYGVO,C,L,11.0,0,3,1,68,508,0.6,endTrial,False
0,5f591d241034572e668818a4,pilot4b,4775-f8e92f00-dc0e-4a42-9216-2d1feab7e57c,1599675684096.0,3TXD01ZLD8H9MDMFPMP7VEQUF93U4T,horizontal,vertical,,0,practice,0,100,0,0.0,endTrial,True
1,5f591e1a1034572e66881901,pilot4b,4775-f8e92f00-dc0e-4a42-9216-2d1feab7e57c,1599675930761.0,3TXD01ZLD8H9MDMFPMP7VEQUF93U4T,C,Pi,0.0,0,0,0,50,50,0.0,endTrial,False
2,5f591ec21034572e66881940,pilot4b,4775-f8e92f00-dc0e-4a42-9216-2d1feab7e57c,1599676098204.0,3TXD01ZLD8H9MDMFPMP7VEQUF93U4T,L,Pi,1.0,0,0,0,100,150,0.25,endTrial,False
3,5f591f971034572e668819a3,pilot4b,4775-f8e92f00-dc0e-4a42-9216-2d1feab7e57c,1599676311336.0,3TXD01ZLD8H9MDMFPMP7VEQUF93U4T,L,C,2.0,0,0,0,100,250,0.5,endTrial,False
4,5f5920421034572e668819c8,pilot4b,4775-f8e92f00-dc0e-4a42-9216-2d1feab7e57c,1599676482323.0,3TXD01ZLD8H9MDMFPMP7VEQUF93U4T,Pi,L,3.0,0,1,0,100,350,0.75,endTrial,False
5,5f5920a21034572e668819e1,pilot4b,4775-f8e92f00-dc0e-4a42-9216-2d1feab7e57c,1599676578979.0,3TXD01ZLD8H9MDMFPMP7VEQUF93U4T,Pi,C,4.0,0,1,0,100,450,1.0,endTrial,False
6,5f5920f71034572e668819fc,pilot4b,4775-f8e92f00-dc0e-4a42-9216-2d1feab7e57c,1599676663072.0,3TXD01ZLD8H9MDMFPMP7VEQUF93U4T,C,L,5.0,0,1,0,100,550,1.25,endTrial,False
7,5f5921451034572e66881a14,pilot4b,4775-f8e92f00-dc0e-4a42-9216-2d1feab7e57c,1599676741775.0,3TXD01ZLD8H9MDMFPMP7VEQUF93U4T,C,Pi,6.0,0,2,0,100,650,1.5,endTrial,False
8,5f59217f1034572e66881a2c,pilot4b,4775-f8e92f00-dc0e-4a42-9216-2d1feab7e57c,1599676799372.0,3TXD01ZLD8H9MDMFPMP7VEQUF93U4T,L,Pi,7.0,0,2,0,100,750,1.75,endTrial,False
9,5f5921b71034572e66881a41,pilot4b,4775-f8e92f00-dc0e-4a42-9216-2d1feab7e57c,1599676855313.0,3TXD01ZLD8H9MDMFPMP7VEQUF93U4T,L,C,8.0,0,2,0,100,850,2.0,endTrial,False
10,5f5921ec1034572e66881a56,pilot4b,4775-f8e92f00-dc0e-4a42-9216-2d1feab7e57c,1599676908540.0,3TXD01ZLD8H9MDMFPMP7VEQUF93U4T,Pi,C,9.0,0,3,0,100,950,2.25,endTrial,False
11,5f5922201034572e66881a6e,pilot4b,4775-f8e92f00-dc0e-4a42-9216-2d1feab7e57c,1599676960856.0,3TXD01ZLD8H9MDMFPMP7VEQUF93U4T,Pi,L,10.0,0,3,0,100,1050,2.5,endTrial,False
12,5f5922531034572e66881a83,pilot4b,4775-f8e92f00-dc0e-4a42-9216-2d1feab7e57c,1599677011385.0,3TXD01ZLD8H9MDMFPMP7VEQUF93U4T,C,L,11.0,0,3,0,100,1150,2.75,endTrial,False
0,5f581a701034572e66880d6f,pilot4b,4816-c8353af9-d568-4b5f-afb3-505f27d7ac42,1599609456812.0,3180JW2OT8CI4GFLRS43T4NXYHL5JI,vertical,horizontal,,0,practice,0,0,0,0.0,endTrial,True
1,5f581ad11034572e66880d8d,pilot4b,4816-c8353af9-d568-4b5f-afb3-505f27d7ac42,1599609553953.0,3180JW2OT8CI4GFLRS43T4NXYHL5JI,vertical,horizontal,,0,practice,0,100,0,0.0,endTrial,True
2,5f581ce61034572e66880dfc,pilot4b,4816-c8353af9-d568-4b5f-afb3-505f27d7ac42,1599610086927.0,3180JW2OT8CI4GFLRS43T4NXYHL5JI,L,Pi,0.0,0,0,0,75,75,0.1,endTrial,False
3,5f581eab1034572e66880ed2,pilot4b,4816-c8353af9-d568-4b5f-afb3-505f27d7ac42,1599610539911.0,3180JW2OT8CI4GFLRS43T4NXYHL5JI,L,C,1.0,0,0,0,18,93,0.1,endTrial,False
4,5f581f7e1034572e66880f1d,pilot4b,4816-c8353af9-d568-4b5f-afb3-505f27d7ac42,1599610750101.0,3180JW2OT8CI4GFLRS43T4NXYHL5JI,C,Pi,2.0,0,0,0,87,180,0.25,endTrial,False
5,5f5820801034572e66880f85,pilot4b,4816-c8353af9-d568-4b5f-afb3-505f27d7ac42,1599611008724.0,3180JW2OT8CI4GFLRS43T4NXYHL5JI,Pi,L,3.0,0,1,0,100,280,0.5,endTrial,False
6,5f58213a1034572e66880fc8,pilot4b,4816-c8353af9-d568-4b5f-afb3-505f27d7ac42,1599611194636.0,3180JW2OT8CI4GFLRS43T4NXYHL5JI,Pi,C,4.0,0,1,0,43,323,0.5,endTrial,False
7,5f5822011034572e66881012,pilot4b,4816-c8353af9-d568-4b5f-afb3-505f27d7ac42,1599611393671.0,3180JW2OT8CI4GFLRS43T4NXYHL5JI,C,L,5.0,0,1,0,37,360,0.5,endTrial,False
8,5f5822ac1034572e66881045,pilot4b,4816-c8353af9-d568-4b5f-afb3-505f27d7ac42,1599611564653.0,3180JW2OT8CI4GFLRS43T4NXYHL5JI,C,Pi,6.0,0,2,0,31,391,0.5,endTrial,False
9,5f58232b1034572e66881069,pilot4b,4816-c8353af9-d568-4b5f-afb3-505f27d7ac42,1599611690998.0,3180JW2OT8CI4GFLRS43T4NXYHL5JI,L,Pi,7.0,0,2,0,25,416,0.5,endTrial,False
10,5f5823951034572e66881087,pilot4b,4816-c8353af9-d568-4b5f-afb3-505f27d7ac42,1599611797049.0,3180JW2OT8CI4GFLRS43T4NXYHL5JI,L,C,8.0,0,2,0,56,472,0.5,endTrial,False
11,5f5824031034572e668810ad,pilot4b,4816-c8353af9-d568-4b5f-afb3-505f27d7ac42,1599611907439.0,3180JW2OT8CI4GFLRS43T4NXYHL5JI,Pi,C,9.0,0,3,0,31,503,0.5,endTrial,False
12,5f5824771034572e668810c4,pilot4b,4816-c8353af9-d568-4b5f-afb3-505f27d7ac42,1599612023091.0,3180JW2OT8CI4GFLRS43T4NXYHL5JI,Pi,L,10.0,0,3,0,100,603,0.75,endTrial,False
13,5f5824e11034572e668810d8,pilot4b,4816-c8353af9-d568-4b5f-afb3-505f27d7ac42,1599612129775.0,3180JW2OT8CI4GFLRS43T4NXYHL5JI,C,L,11.0,0,3,0,68,671,0.85,endTrial,False
0,5f580ca81034572e66880880,pilot4b,5108-ab1ab188-eb12-46f4-9259-bac3a57eeccb,1599605928888.0,3N4BPTXIOCSU0FBIAECN2VFQCOUKUW,vertical,horizontal,,0,practice,1,100,0,0.0,endTrial,True
1,5f580e6e1034572e66880928,pilot4b,5108-ab1ab188-eb12-46f4-9259-bac3a57eeccb,1599606382485.0,3N4BPTXIOCSU0FBIAECN2VFQCOUKUW,L,C,0.0,0,0,1,62,62,0.1,endTrial,False
2,5f5811251034572e66880a80,pilot4b,5108-ab1ab188-eb12-46f4-9259-bac3a57eeccb,1599607077251.0,3N4BPTXIOCSU0FBIAECN2VFQCOUKUW,C,Pi,1.0,0,0,1,62,124,0.2,endTrial,False
3,5f58126b1034572e66880b2c,pilot4b,5108-ab1ab188-eb12-46f4-9259-bac3a57eeccb,1599607403095.0,3N4BPTXIOCSU0FBIAECN2VFQCOUKUW,L,Pi,2.0,0,0,1,68,192,0.3,endTrial,False
4,5f5812e41034572e66880b65,pilot4b,5108-ab1ab188-eb12-46f4-9259-bac3a57eeccb,1599607524928.0,3N4BPTXIOCSU0FBIAECN2VFQCOUKUW,Pi,L,3.0,0,1,1,75,267,0.4,endTrial,False
5,5f5813441034572e66880b90,pilot4b,5108-ab1ab188-eb12-46f4-9259-bac3a57eeccb,1599607620280.0,3N4BPTXIOCSU0FBIAECN2VFQCOUKUW,Pi,C,4.0,0,1,1,100,367,0.65,endTrial,False
6,5f5813b51034572e66880bbe,pilot4b,5108-ab1ab188-eb12-46f4-9259-bac3a57eeccb,1599607733356.0,3N4BPTXIOCSU0FBIAECN2VFQCOUKUW,C,L,5.0,0,1,1,100,467,0.9,endTrial,False
7,5f58147a1034572e66880c17,pilot4b,5108-ab1ab188-eb12-46f4-9259-bac3a57eeccb,1599607930904.0,3N4BPTXIOCSU0FBIAECN2VFQCOUKUW,C,Pi,6.0,0,2,1,68,535,1.0,endTrial,False
8,5f58156d1034572e66880c4e,pilot4b,5108-ab1ab188-eb12-46f4-9259-bac3a57eeccb,1599608173789.0,3N4BPTXIOCSU0FBIAECN2VFQCOUKUW,L,Pi,7.0,0,2,1,62,597,1.1,endTrial,False
9,5f5815d91034572e66880c5d,pilot4b,5108-ab1ab188-eb12-46f4-9259-bac3a57eeccb,1599608281472.0,3N4BPTXIOCSU0FBIAECN2VFQCOUKUW,L,C,8.0,0,2,1,100,697,1.35,endTrial,False
10,5f5816e71034572e66880c86,pilot4b,5108-ab1ab188-eb12-46f4-9259-bac3a57eeccb,1599608551127.0,3N4BPTXIOCSU0FBIAECN2VFQCOUKUW,Pi,L,9.0,0,3,1,100,797,1.6,endTrial,False
11,5f58172b1034572e66880c9f,pilot4b,5108-ab1ab188-eb12-46f4-9259-bac3a57eeccb,1599608619759.0,3N4BPTXIOCSU0FBIAECN2VFQCOUKUW,Pi,C,10.0,0,3,1,100,897,1.85,endTrial,False
12,5f58176f1034572e66880cb4,pilot4b,5108-ab1ab188-eb12-46f4-9259-bac3a57eeccb,1599608687485.0,3N4BPTXIOCSU0FBIAECN2VFQCOUKUW,C,L,11.0,0,3,1,100,997,2.1,endTrial,False
0,5f5922c41034572e66881aa7,pilot4b,5156-be8ae9d7-0f4f-4f69-9d5b-fa70394f9dea,1599677124419.0,3UN61F00H0PZ24YYZXDCVV9O86W5R7,horizontal,vertical,,0,practice,0,75,0,0.0,endTrial,True
1,5f5922fe1034572e66881abc,pilot4b,5156-be8ae9d7-0f4f-4f69-9d5b-fa70394f9dea,1599677182274.0,3UN61F00H0PZ24YYZXDCVV9O86W5R7,horizontal,vertical,,0,practice,0,100,0,0.0,endTrial,True
2,5f5924da1034572e66881b49,pilot4b,5156-be8ae9d7-0f4f-4f69-9d5b-fa70394f9dea,1599677658713.0,3UN61F00H0PZ24YYZXDCVV9O86W5R7,L,Pi,0.0,0,0,0,68,68,0.1,endTrial,False
3,5f5925831034572e66881b8b,pilot4b,5156-be8ae9d7-0f4f-4f69-9d5b-fa70394f9dea,1599677827660.0,3UN61F00H0PZ24YYZXDCVV9O86W5R7,C,Pi,1.0,0,0,0,62,130,0.2,endTrial,False
4,5f5926931034572e66881bd2,pilot4b,5156-be8ae9d7-0f4f-4f69-9d5b-fa70394f9dea,1599678099045.0,3UN61F00H0PZ24YYZXDCVV9O86W5R7,L,C,2.0,0,0,0,100,230,0.45,endTrial,False
5,5f5927131034572e66881bfd,pilot4b,5156-be8ae9d7-0f4f-4f69-9d5b-fa70394f9dea,1599678227188.0,3UN61F00H0PZ24YYZXDCVV9O86W5R7,C,L,3.0,0,1,0,100,330,0.7,endTrial,False
6,5f5927611034572e66881c1a,pilot4b,5156-be8ae9d7-0f4f-4f69-9d5b-fa70394f9dea,1599678305619.0,3UN61F00H0PZ24YYZXDCVV9O86W5R7,Pi,L,4.0,0,1,0,100,430,0.95,endTrial,False
7,5f5927b81034572e66881c3c,pilot4b,5156-be8ae9d7-0f4f-4f69-9d5b-fa70394f9dea,1599678392222.0,3UN61F00H0PZ24YYZXDCVV9O86W5R7,Pi,C,5.0,0,1,0,100,530,1.2,endTrial,False
8,5f59280d1034572e66881c62,pilot4b,5156-be8ae9d7-0f4f-4f69-9d5b-fa70394f9dea,1599678477870.0,3UN61F00H0PZ24YYZXDCVV9O86W5R7,L,Pi,6.0,0,2,0,100,630,1.45,endTrial,False
9,5f59284d1034572e66881c7f,pilot4b,5156-be8ae9d7-0f4f-4f69-9d5b-fa70394f9dea,1599678541224.0,3UN61F00H0PZ24YYZXDCVV9O86W5R7,C,Pi,7.0,0,2,0,100,730,1.7,endTrial,False
10,5f59288d1034572e66881c9f,pilot4b,5156-be8ae9d7-0f4f-4f69-9d5b-fa70394f9dea,1599678605755.0,3UN61F00H0PZ24YYZXDCVV9O86W5R7,L,C,8.0,0,2,0,100,830,1.95,endTrial,False
11,5f5928bd1034572e66881cb6,pilot4b,5156-be8ae9d7-0f4f-4f69-9d5b-fa70394f9dea,1599678653066.0,3UN61F00H0PZ24YYZXDCVV9O86W5R7,Pi,C,9.0,0,3,0,100,930,2.2,endTrial,False
12,5f5928f91034572e66881cd5,pilot4b,5156-be8ae9d7-0f4f-4f69-9d5b-fa70394f9dea,1599678713583.0,3UN61F00H0PZ24YYZXDCVV9O86W5R7,Pi,L,10.0,0,3,0,100,1030,2.45,endTrial,False
13,5f5929461034572e66881cf6,pilot4b,5156-be8ae9d7-0f4f-4f69-9d5b-fa70394f9dea,1599678790884.0,3UN61F00H0PZ24YYZXDCVV9O86W5R7,C,L,11.0,0,3,0,100,1130,2.7,endTrial,False
0,5f580b151034572e66880814,pilot4b,5388-feecb26d-5de8-4f38-b53d-e1611dbe6cac,1599605524999.0,37QW5D2ZRKMUQ1HDCKKKXPOBWRF8SL,vertical,horizontal,,0,practice,0,100,0,0.0,endTrial,True
1,5f580b9f1034572e6688083b,pilot4b,5388-feecb26d-5de8-4f38-b53d-e1611dbe6cac,1599605663234.0,37QW5D2ZRKMUQ1HDCKKKXPOBWRF8SL,L,C,0.0,0,0,0,37,37,0.0,endTrial,False
2,5f580c171034572e6688085d,pilot4b,5388-feecb26d-5de8-4f38-b53d-e1611dbe6cac,1599605783654.0,37QW5D2ZRKMUQ1HDCKKKXPOBWRF8SL,L,Pi,1.0,0,0,0,100,137,0.25,endTrial,False
3,5f580c871034572e66880876,pilot4b,5388-feecb26d-5de8-4f38-b53d-e1611dbe6cac,1599605895922.0,37QW5D2ZRKMUQ1HDCKKKXPOBWRF8SL,C,Pi,2.0,0,0,0,100,237,0.5,endTrial,False
4,5f580cef1034572e66880895,pilot4b,5388-feecb26d-5de8-4f38-b53d-e1611dbe6cac,1599605999004.0,37QW5D2ZRKMUQ1HDCKKKXPOBWRF8SL,Pi,L,3.0,0,1,0,100,337,0.75,endTrial,False
5,5f580d5b1034572e668808ae,pilot4b,5388-feecb26d-5de8-4f38-b53d-e1611dbe6cac,1599606107120.0,37QW5D2ZRKMUQ1HDCKKKXPOBWRF8SL,C,L,4.0,0,1,0,100,437,1.0,endTrial,False
6,5f580dd91034572e668808dd,pilot4b,5388-feecb26d-5de8-4f38-b53d-e1611dbe6cac,1599606233461.0,37QW5D2ZRKMUQ1HDCKKKXPOBWRF8SL,Pi,C,5.0,0,1,0,87,524,1.14,endTrial,False
7,5f580e491034572e66880913,pilot4b,5388-feecb26d-5de8-4f38-b53d-e1611dbe6cac,1599606345635.0,37QW5D2ZRKMUQ1HDCKKKXPOBWRF8SL,L,Pi,6.0,0,2,0,100,624,1.4,endTrial,False
8,5f580ea81034572e66880942,pilot4b,5388-feecb26d-5de8-4f38-b53d-e1611dbe6cac,1599606440745.0,37QW5D2ZRKMUQ1HDCKKKXPOBWRF8SL,L,C,7.0,0,2,0,100,724,1.65,endTrial,False
9,5f580f031034572e6688096c,pilot4b,5388-feecb26d-5de8-4f38-b53d-e1611dbe6cac,1599606531475.0,37QW5D2ZRKMUQ1HDCKKKXPOBWRF8SL,C,Pi,8.0,0,2,0,100,824,1.9,endTrial,False
10,5f580f341034572e6688098b,pilot4b,5388-feecb26d-5de8-4f38-b53d-e1611dbe6cac,1599606580105.0,37QW5D2ZRKMUQ1HDCKKKXPOBWRF8SL,C,L,9.0,0,3,0,100,924,2.15,endTrial,False
11,5f580f571034572e668809a2,pilot4b,5388-feecb26d-5de8-4f38-b53d-e1611dbe6cac,1599606615198.0,37QW5D2ZRKMUQ1HDCKKKXPOBWRF8SL,Pi,C,10.0,0,3,0,100,1024,2.4,endTrial,False
12,5f580f761034572e668809b9,pilot4b,5388-feecb26d-5de8-4f38-b53d-e1611dbe6cac,1599606646473.0,37QW5D2ZRKMUQ1HDCKKKXPOBWRF8SL,Pi,L,11.0,0,3,0,100,1124,2.65,endTrial,False
0,5f59219b1034572e66881a33,pilot4b,5824-1d0a0b64-ca3c-482d-ab90-eeda3acc7483,1599676827804.0,3M68NM076L7VL8YC4GNHN1NO415R67,vertical,horizontal,,0,practice,1,100,0,0.0,endTrial,True
1,5f5923701034572e66881ae4,pilot4b,5824-1d0a0b64-ca3c-482d-ab90-eeda3acc7483,1599677296141.0,3M68NM076L7VL8YC4GNHN1NO415R67,C,Pi,0.0,0,0,1,93,93,0.15,endTrial,False
2,5f5924921034572e66881b30,pilot4b,5824-1d0a0b64-ca3c-482d-ab90-eeda3acc7483,1599677586166.0,3M68NM076L7VL8YC4GNHN1NO415R67,L,Pi,1.0,0,0,1,75,168,0.25,endTrial,False
3,5f59251b1034572e66881b66,pilot4b,5824-1d0a0b64-ca3c-482d-ab90-eeda3acc7483,1599677723687.0,3M68NM076L7VL8YC4GNHN1NO415R67,L,C,2.0,0,0,1,68,236,0.35,endTrial,False
4,5f5925f11034572e66881bac,pilot4b,5824-1d0a0b64-ca3c-482d-ab90-eeda3acc7483,1599677937591.0,3M68NM076L7VL8YC4GNHN1NO415R67,C,L,3.0,0,1,1,75,311,0.44,endTrial,False
5,5f5926df1034572e66881be8,pilot4b,5824-1d0a0b64-ca3c-482d-ab90-eeda3acc7483,1599678175118.0,3M68NM076L7VL8YC4GNHN1NO415R67,Pi,L,4.0,0,1,1,100,411,0.7,endTrial,False
6,5f5927441034572e66881c0e,pilot4b,5824-1d0a0b64-ca3c-482d-ab90-eeda3acc7483,1599678276548.0,3M68NM076L7VL8YC4GNHN1NO415R67,Pi,C,5.0,0,1,1,100,511,0.95,endTrial,False
7,5f5927e81034572e66881c51,pilot4b,5824-1d0a0b64-ca3c-482d-ab90-eeda3acc7483,1599678440802.0,3M68NM076L7VL8YC4GNHN1NO415R67,L,Pi,6.0,0,2,1,100,611,1.2,endTrial,False
8,5f59286e1034572e66881c90,pilot4b,5824-1d0a0b64-ca3c-482d-ab90-eeda3acc7483,1599678574850.0,3M68NM076L7VL8YC4GNHN1NO415R67,C,Pi,7.0,0,2,1,100,711,1.45,endTrial,False
9,5f5929461034572e66881cf5,pilot4b,5824-1d0a0b64-ca3c-482d-ab90-eeda3acc7483,1599678790293.0,3M68NM076L7VL8YC4GNHN1NO415R67,L,C,8.0,0,2,1,100,811,1.7,endTrial,False
10,5f5929b01034572e66881d18,pilot4b,5824-1d0a0b64-ca3c-482d-ab90-eeda3acc7483,1599678896092.0,3M68NM076L7VL8YC4GNHN1NO415R67,Pi,L,9.0,0,3,1,100,911,1.95,endTrial,False
11,5f592a041034572e66881d32,pilot4b,5824-1d0a0b64-ca3c-482d-ab90-eeda3acc7483,1599678980379.0,3M68NM076L7VL8YC4GNHN1NO415R67,Pi,C,10.0,0,3,1,100,1011,2.2,endTrial,False
12,5f592a5c1034572e66881d56,pilot4b,5824-1d0a0b64-ca3c-482d-ab90-eeda3acc7483,1599679068752.0,3M68NM076L7VL8YC4GNHN1NO415R67,C,L,11.0,0,3,1,100,1111,2.45,endTrial,False
0,5f5824651034572e668810bc,pilot4b,6057-ea3e45ad-63dd-4963-8bea-3004acfdc651,1599612005668.0,37U1UTWH9ZMIPMH0XVKF7FJFAQJR85,horizontal,vertical,,0,practice,0,25,0,0.0,endTrial,True
1,5f5824eb1034572e668810da,pilot4b,6057-ea3e45ad-63dd-4963-8bea-3004acfdc651,1599612139809.0,37U1UTWH9ZMIPMH0XVKF7FJFAQJR85,horizontal,vertical,,0,practice,0,100,0,0.0,endTrial,True
2,5f58266e1034572e6688112c,pilot4b,6057-ea3e45ad-63dd-4963-8bea-3004acfdc651,1599612526476.0,37U1UTWH9ZMIPMH0XVKF7FJFAQJR85,C,Pi,0.0,0,0,0,50,50,0.0,endTrial,False
3,5f5827af1034572e66881186,pilot4b,6057-ea3e45ad-63dd-4963-8bea-3004acfdc651,1599612847861.0,37U1UTWH9ZMIPMH0XVKF7FJFAQJR85,L,Pi,1.0,0,0,0,62,112,0.1,endTrial,False
4,5f5829221034572e6688121e,pilot4b,6057-ea3e45ad-63dd-4963-8bea-3004acfdc651,1599613218442.0,37U1UTWH9ZMIPMH0XVKF7FJFAQJR85,L,C,2.0,0,0,0,43,155,0.1,endTrial,False
5,5f5829f41034572e66881265,pilot4b,6057-ea3e45ad-63dd-4963-8bea-3004acfdc651,1599613428954.0,37U1UTWH9ZMIPMH0XVKF7FJFAQJR85,C,L,3.0,0,1,0,62,217,0.2,endTrial,False
6,5f582a341034572e6688128c,pilot4b,6057-ea3e45ad-63dd-4963-8bea-3004acfdc651,1599613492215.0,37U1UTWH9ZMIPMH0XVKF7FJFAQJR85,Pi,L,4.0,0,1,0,25,242,0.2,endTrial,False
7,5f582a8c1034572e668812bb,pilot4b,6057-ea3e45ad-63dd-4963-8bea-3004acfdc651,1599613580159.0,37U1UTWH9ZMIPMH0XVKF7FJFAQJR85,Pi,C,5.0,0,1,0,43,285,0.2,endTrial,False
8,5f582ace1034572e668812d0,pilot4b,6057-ea3e45ad-63dd-4963-8bea-3004acfdc651,1599613646489.0,37U1UTWH9ZMIPMH0XVKF7FJFAQJR85,L,C,6.0,0,2,0,31,316,0.2,endTrial,False
9,5f582b111034572e668812e2,pilot4b,6057-ea3e45ad-63dd-4963-8bea-3004acfdc651,1599613713660.0,37U1UTWH9ZMIPMH0XVKF7FJFAQJR85,L,Pi,7.0,0,2,0,18,334,0.2,endTrial,False
10,5f582b3d1034572e668812f2,pilot4b,6057-ea3e45ad-63dd-4963-8bea-3004acfdc651,1599613757458.0,37U1UTWH9ZMIPMH0XVKF7FJFAQJR85,C,Pi,8.0,0,2,0,81,415,0.35,endTrial,False
11,5f582b7d1034572e66881305,pilot4b,6057-ea3e45ad-63dd-4963-8bea-3004acfdc651,1599613821704.0,37U1UTWH9ZMIPMH0XVKF7FJFAQJR85,Pi,C,9.0,0,3,0,50,465,0.35,endTrial,False
12,5f582bc21034572e6688131a,pilot4b,6057-ea3e45ad-63dd-4963-8bea-3004acfdc651,1599613890471.0,37U1UTWH9ZMIPMH0XVKF7FJFAQJR85,Pi,L,10.0,0,3,0,62,527,0.44,endTrial,False
13,5f582bf61034572e6688132c,pilot4b,6057-ea3e45ad-63dd-4963-8bea-3004acfdc651,1599613942012.0,37U1UTWH9ZMIPMH0XVKF7FJFAQJR85,C,L,11.0,0,3,0,56,583,0.44,endTrial,False
0,5f5911fd1034572e6688148c,pilot4b,6242-04991283-d3ba-401d-808a-e75f1fae51c0,1599672829201.0,3K4J6M3CXIT5JK11EIAH42B3YAZAGX,vertical,horizontal,,0,practice,0,75,0,0.0,endTrial,True
1,5f5912601034572e6688149e,pilot4b,6242-04991283-d3ba-401d-808a-e75f1fae51c0,1599672928240.0,3K4J6M3CXIT5JK11EIAH42B3YAZAGX,vertical,horizontal,,0,practice,0,25,0,0.0,endTrial,True
2,5f5912981034572e668814aa,pilot4b,6242-04991283-d3ba-401d-808a-e75f1fae51c0,1599672984349.0,3K4J6M3CXIT5JK11EIAH42B3YAZAGX,vertical,horizontal,,0,practice,0,100,0,0.0,endTrial,True
3,5f5913f71034572e66881501,pilot4b,6242-04991283-d3ba-401d-808a-e75f1fae51c0,1599673335913.0,3K4J6M3CXIT5JK11EIAH42B3YAZAGX,L,C,0.0,0,0,0,87,87,0.15,endTrial,False
4,5f59151e1034572e6688156b,pilot4b,6242-04991283-d3ba-401d-808a-e75f1fae51c0,1599673630439.0,3K4J6M3CXIT5JK11EIAH42B3YAZAGX,C,Pi,1.0,0,0,0,93,180,0.3,endTrial,False
5,5f59163a1034572e668815f1,pilot4b,6242-04991283-d3ba-401d-808a-e75f1fae51c0,1599673914480.0,3K4J6M3CXIT5JK11EIAH42B3YAZAGX,L,Pi,2.0,0,0,0,100,280,0.55,endTrial,False
6,5f59172a1034572e6688165f,pilot4b,6242-04991283-d3ba-401d-808a-e75f1fae51c0,1599674154390.0,3K4J6M3CXIT5JK11EIAH42B3YAZAGX,C,L,3.0,0,1,0,81,361,0.7,endTrial,False
7,5f5917d21034572e668816bb,pilot4b,6242-04991283-d3ba-401d-808a-e75f1fae51c0,1599674322899.0,3K4J6M3CXIT5JK11EIAH42B3YAZAGX,Pi,L,4.0,0,1,0,75,436,0.8,endTrial,False
8,5f5918811034572e6688170a,pilot4b,6242-04991283-d3ba-401d-808a-e75f1fae51c0,1599674497686.0,3K4J6M3CXIT5JK11EIAH42B3YAZAGX,Pi,C,5.0,0,1,0,75,511,0.9,endTrial,False
9,5f5919351034572e6688173e,pilot4b,6242-04991283-d3ba-401d-808a-e75f1fae51c0,1599674677954.0,3K4J6M3CXIT5JK11EIAH42B3YAZAGX,L,Pi,6.0,0,2,0,75,586,1.0,endTrial,False
10,5f5919c61034572e66881770,pilot4b,6242-04991283-d3ba-401d-808a-e75f1fae51c0,1599674822178.0,3K4J6M3CXIT5JK11EIAH42B3YAZAGX,L,C,7.0,0,2,0,100,686,1.25,endTrial,False
11,5f591a971034572e668817ad,pilot4b,6242-04991283-d3ba-401d-808a-e75f1fae51c0,1599675031640.0,3K4J6M3CXIT5JK11EIAH42B3YAZAGX,C,Pi,8.0,0,2,0,100,786,1.5,endTrial,False
12,5f591b0f1034572e668817e2,pilot4b,6242-04991283-d3ba-401d-808a-e75f1fae51c0,1599675151495.0,3K4J6M3CXIT5JK11EIAH42B3YAZAGX,C,L,9.0,0,3,0,100,886,1.75,endTrial,False
13,5f591b561034572e66881803,pilot4b,6242-04991283-d3ba-401d-808a-e75f1fae51c0,1599675222523.0,3K4J6M3CXIT5JK11EIAH42B3YAZAGX,Pi,L,10.0,0,3,0,100,986,2.0,endTrial,False
14,5f591bcd1034572e6688183c,pilot4b,6242-04991283-d3ba-401d-808a-e75f1fae51c0,1599675341171.0,3K4J6M3CXIT5JK11EIAH42B3YAZAGX,Pi,C,11.0,0,3,0,100,1086,2.25,endTrial,False
0,5f590f761034572e6688141e,pilot4b,7107-bbffa80b-65e8-48c4-8dda-3b66c9290064,1599672182632.0,3MMN5BL1W345R9Y2G6T2UZHUOMH3M0,vertical,horizontal,,0,practice,0,75,0,0.0,endTrial,True
1,5f590fbc1034572e6688142a,pilot4b,7107-bbffa80b-65e8-48c4-8dda-3b66c9290064,1599672252605.0,3MMN5BL1W345R9Y2G6T2UZHUOMH3M0,vertical,horizontal,,0,practice,0,75,0,0.0,endTrial,True
2,5f590ffc1034572e6688143a,pilot4b,7107-bbffa80b-65e8-48c4-8dda-3b66c9290064,1599672316228.0,3MMN5BL1W345R9Y2G6T2UZHUOMH3M0,vertical,horizontal,,0,practice,0,100,0,0.0,endTrial,True
3,5f5910ef1034572e66881466,pilot4b,7107-bbffa80b-65e8-48c4-8dda-3b66c9290064,1599672559382.0,3MMN5BL1W345R9Y2G6T2UZHUOMH3M0,L,Pi,0.0,0,0,0,100,100,0.25,endTrial,False
4,5f5912201034572e66881492,pilot4b,7107-bbffa80b-65e8-48c4-8dda-3b66c9290064,1599672864548.0,3MMN5BL1W345R9Y2G6T2UZHUOMH3M0,C,Pi,1.0,0,0,0,87,187,0.4,endTrial,False
5,5f5913321034572e668814ca,pilot4b,7107-bbffa80b-65e8-48c4-8dda-3b66c9290064,1599673138748.0,3MMN5BL1W345R9Y2G6T2UZHUOMH3M0,L,C,2.0,0,0,0,100,287,0.65,endTrial,False
6,5f5913f31034572e668814fe,pilot4b,7107-bbffa80b-65e8-48c4-8dda-3b66c9290064,1599673331968.0,3MMN5BL1W345R9Y2G6T2UZHUOMH3M0,C,L,3.0,0,1,0,100,387,0.9,endTrial,False
7,5f5914b31034572e66881544,pilot4b,7107-bbffa80b-65e8-48c4-8dda-3b66c9290064,1599673523089.0,3MMN5BL1W345R9Y2G6T2UZHUOMH3M0,Pi,L,4.0,0,1,0,100,487,1.14,endTrial,False
8,5f5915241034572e66881572,pilot4b,7107-bbffa80b-65e8-48c4-8dda-3b66c9290064,1599673636399.0,3MMN5BL1W345R9Y2G6T2UZHUOMH3M0,Pi,C,5.0,0,1,0,100,587,1.4,endTrial,False
9,5f5915781034572e66881594,pilot4b,7107-bbffa80b-65e8-48c4-8dda-3b66c9290064,1599673720630.0,3MMN5BL1W345R9Y2G6T2UZHUOMH3M0,C,Pi,6.0,0,2,0,100,687,1.65,endTrial,False
10,5f5915c71034572e668815bc,pilot4b,7107-bbffa80b-65e8-48c4-8dda-3b66c9290064,1599673799987.0,3MMN5BL1W345R9Y2G6T2UZHUOMH3M0,L,Pi,7.0,0,2,0,100,787,1.9,endTrial,False
11,5f59160b1034572e668815d9,pilot4b,7107-bbffa80b-65e8-48c4-8dda-3b66c9290064,1599673867802.0,3MMN5BL1W345R9Y2G6T2UZHUOMH3M0,L,C,8.0,0,2,0,100,887,2.15,endTrial,False
12,5f5916511034572e668815fe,pilot4b,7107-bbffa80b-65e8-48c4-8dda-3b66c9290064,1599673937139.0,3MMN5BL1W345R9Y2G6T2UZHUOMH3M0,C,L,9.0,0,3,0,100,987,2.4,endTrial,False
13,5f59169c1034572e66881622,pilot4b,7107-bbffa80b-65e8-48c4-8dda-3b66c9290064,1599674012544.0,3MMN5BL1W345R9Y2G6T2UZHUOMH3M0,Pi,C,10.0,0,3,0,100,1087,2.65,endTrial,False
14,5f5916e11034572e66881640,pilot4b,7107-bbffa80b-65e8-48c4-8dda-3b66c9290064,1599674081645.0,3MMN5BL1W345R9Y2G6T2UZHUOMH3M0,Pi,L,11.0,0,3,0,100,1187,2.9,endTrial,False
0,5f57fb611034572e66880451,pilot4b,7112-d350e277-fe2c-4544-a08a-d508e09524c4,1599601505898.0,3S06PH7KSV46DCEAG9GGNGF3HHCD1N,vertical,horizontal,,0,practice,0,100,0,0.0,endTrial,True
1,5f57fc271034572e66880465,pilot4b,7112-d350e277-fe2c-4544-a08a-d508e09524c4,1599601703393.0,3S06PH7KSV46DCEAG9GGNGF3HHCD1N,C,Pi,0.0,0,0,0,100,100,0.25,endTrial,False
2,5f57fccf1034572e66880478,pilot4b,7112-d350e277-fe2c-4544-a08a-d508e09524c4,1599601871644.0,3S06PH7KSV46DCEAG9GGNGF3HHCD1N,L,Pi,1.0,0,0,0,100,200,0.5,endTrial,False
3,5f57fd591034572e6688048c,pilot4b,7112-d350e277-fe2c-4544-a08a-d508e09524c4,1599602009501.0,3S06PH7KSV46DCEAG9GGNGF3HHCD1N,L,C,2.0,0,0,0,100,300,0.75,endTrial,False
4,5f57fdf31034572e6688049d,pilot4b,7112-d350e277-fe2c-4544-a08a-d508e09524c4,1599602163566.0,3S06PH7KSV46DCEAG9GGNGF3HHCD1N,C,L,3.0,0,1,0,100,400,1.0,endTrial,False
5,5f57fe821034572e668804b5,pilot4b,7112-d350e277-fe2c-4544-a08a-d508e09524c4,1599602306626.0,3S06PH7KSV46DCEAG9GGNGF3HHCD1N,Pi,C,4.0,0,1,0,93,493,1.14,endTrial,False
6,5f57ff131034572e668804d4,pilot4b,7112-d350e277-fe2c-4544-a08a-d508e09524c4,1599602451774.0,3S06PH7KSV46DCEAG9GGNGF3HHCD1N,Pi,L,5.0,0,1,0,100,593,1.4,endTrial,False
7,5f57ffaa1034572e668804f7,pilot4b,7112-d350e277-fe2c-4544-a08a-d508e09524c4,1599602602927.0,3S06PH7KSV46DCEAG9GGNGF3HHCD1N,C,Pi,6.0,0,2,0,100,693,1.65,endTrial,False
8,5f5800351034572e6688052a,pilot4b,7112-d350e277-fe2c-4544-a08a-d508e09524c4,1599602741539.0,3S06PH7KSV46DCEAG9GGNGF3HHCD1N,L,C,7.0,0,2,0,100,793,1.9,endTrial,False
9,5f5800b91034572e66880551,pilot4b,7112-d350e277-fe2c-4544-a08a-d508e09524c4,1599602873396.0,3S06PH7KSV46DCEAG9GGNGF3HHCD1N,L,Pi,8.0,0,2,0,100,893,2.15,endTrial,False
10,5f58015d1034572e66880585,pilot4b,7112-d350e277-fe2c-4544-a08a-d508e09524c4,1599603037462.0,3S06PH7KSV46DCEAG9GGNGF3HHCD1N,Pi,L,9.0,0,3,0,100,993,2.4,endTrial,False
11,5f5801e91034572e668805b7,pilot4b,7112-d350e277-fe2c-4544-a08a-d508e09524c4,1599603177277.0,3S06PH7KSV46DCEAG9GGNGF3HHCD1N,Pi,C,10.0,0,3,0,100,1093,2.65,endTrial,False
12,5f58028d1034572e668805f0,pilot4b,7112-d350e277-fe2c-4544-a08a-d508e09524c4,1599603341016.0,3S06PH7KSV46DCEAG9GGNGF3HHCD1N,C,L,11.0,0,3,0,100,1193,2.9,endTrial,False
0,5f5919491034572e66881746,pilot4b,7626-0712c1b0-02c7-4b3a-b96c-e0a592c7060a,1599674697739.0,3X65QVEQI4N9YRC09N3ONP6ZUVGCLJ,horizontal,vertical,,0,practice,0,75,0,0.0,endTrial,True
1,5f5919821034572e66881759,pilot4b,7626-0712c1b0-02c7-4b3a-b96c-e0a592c7060a,1599674754732.0,3X65QVEQI4N9YRC09N3ONP6ZUVGCLJ,horizontal,vertical,,0,practice,0,100,0,0.0,endTrial,True
2,5f591aad1034572e668817b9,pilot4b,7626-0712c1b0-02c7-4b3a-b96c-e0a592c7060a,1599675053831.0,3X65QVEQI4N9YRC09N3ONP6ZUVGCLJ,C,Pi,0.0,0,0,0,100,100,0.25,endTrial,False
3,5f591b641034572e6688180b,pilot4b,7626-0712c1b0-02c7-4b3a-b96c-e0a592c7060a,1599675236187.0,3X65QVEQI4N9YRC09N3ONP6ZUVGCLJ,L,C,1.0,0,0,0,100,200,0.5,endTrial,False
4,5f591be81034572e6688184b,pilot4b,7626-0712c1b0-02c7-4b3a-b96c-e0a592c7060a,1599675368488.0,3X65QVEQI4N9YRC09N3ONP6ZUVGCLJ,L,Pi,2.0,0,0,0,100,300,0.75,endTrial,False
5,5f591cbb1034572e66881882,pilot4b,7626-0712c1b0-02c7-4b3a-b96c-e0a592c7060a,1599675579093.0,3X65QVEQI4N9YRC09N3ONP6ZUVGCLJ,C,L,3.0,0,1,0,56,356,0.75,endTrial,False
6,5f591d1e1034572e668818a0,pilot4b,7626-0712c1b0-02c7-4b3a-b96c-e0a592c7060a,1599675678730.0,3X65QVEQI4N9YRC09N3ONP6ZUVGCLJ,Pi,L,4.0,0,1,0,68,424,0.85,endTrial,False
7,5f591da11034572e668818cf,pilot4b,7626-0712c1b0-02c7-4b3a-b96c-e0a592c7060a,1599675809357.0,3X65QVEQI4N9YRC09N3ONP6ZUVGCLJ,Pi,C,5.0,0,1,0,100,524,1.1,endTrial,False
8,5f591e051034572e668818f2,pilot4b,7626-0712c1b0-02c7-4b3a-b96c-e0a592c7060a,1599675909162.0,3X65QVEQI4N9YRC09N3ONP6ZUVGCLJ,L,Pi,6.0,0,2,0,100,624,1.35,endTrial,False
9,5f591e461034572e66881916,pilot4b,7626-0712c1b0-02c7-4b3a-b96c-e0a592c7060a,1599675974769.0,3X65QVEQI4N9YRC09N3ONP6ZUVGCLJ,C,Pi,7.0,0,2,0,100,724,1.6,endTrial,False
10,5f591e911034572e66881930,pilot4b,7626-0712c1b0-02c7-4b3a-b96c-e0a592c7060a,1599676049810.0,3X65QVEQI4N9YRC09N3ONP6ZUVGCLJ,L,C,8.0,0,2,0,100,824,1.85,endTrial,False
11,5f591ed91034572e6688194e,pilot4b,7626-0712c1b0-02c7-4b3a-b96c-e0a592c7060a,1599676121855.0,3X65QVEQI4N9YRC09N3ONP6ZUVGCLJ,C,L,9.0,0,3,0,100,924,2.1,endTrial,False
12,5f591f0c1034572e6688196c,pilot4b,7626-0712c1b0-02c7-4b3a-b96c-e0a592c7060a,1599676172457.0,3X65QVEQI4N9YRC09N3ONP6ZUVGCLJ,Pi,L,10.0,0,3,0,100,1024,2.35,endTrial,False
13,5f591f491034572e66881984,pilot4b,7626-0712c1b0-02c7-4b3a-b96c-e0a592c7060a,1599676233145.0,3X65QVEQI4N9YRC09N3ONP6ZUVGCLJ,Pi,C,11.0,0,3,0,100,1124,2.6,endTrial,False
0,5f5824021034572e668810ab,pilot4b,8226-ad7da0ed-7f5e-4d5d-a0ab-c8f9c924512e,1599611906415.0,3OCHAWUVGSKMHJ5DFJNAM2EU66UKX7,horizontal,vertical,,0,practice,2,50,0,0.0,endTrial,True
1,5f58246b1034572e668810bf,pilot4b,8226-ad7da0ed-7f5e-4d5d-a0ab-c8f9c924512e,1599612011883.0,3OCHAWUVGSKMHJ5DFJNAM2EU66UKX7,horizontal,vertical,,0,practice,2,100,0,0.0,endTrial,True
2,5f5825fa1034572e66881109,pilot4b,8226-ad7da0ed-7f5e-4d5d-a0ab-c8f9c924512e,1599612410785.0,3OCHAWUVGSKMHJ5DFJNAM2EU66UKX7,L,Pi,0.0,0,0,2,68,68,0.1,endTrial,False
3,5f5826881034572e66881133,pilot4b,8226-ad7da0ed-7f5e-4d5d-a0ab-c8f9c924512e,1599612552194.0,3OCHAWUVGSKMHJ5DFJNAM2EU66UKX7,L,C,1.0,0,0,2,31,99,0.1,endTrial,False
4,5f5827781034572e6688116f,pilot4b,8226-ad7da0ed-7f5e-4d5d-a0ab-c8f9c924512e,1599612792043.0,3OCHAWUVGSKMHJ5DFJNAM2EU66UKX7,C,Pi,2.0,0,0,2,100,199,0.35,endTrial,False
5,5f5828231034572e668811b9,pilot4b,8226-ad7da0ed-7f5e-4d5d-a0ab-c8f9c924512e,1599612963033.0,3OCHAWUVGSKMHJ5DFJNAM2EU66UKX7,Pi,L,3.0,0,1,2,100,299,0.6,endTrial,False
6,5f5828901034572e668811ef,pilot4b,8226-ad7da0ed-7f5e-4d5d-a0ab-c8f9c924512e,1599613072172.0,3OCHAWUVGSKMHJ5DFJNAM2EU66UKX7,Pi,C,4.0,0,1,2,100,399,0.85,endTrial,False
7,5f58292b1034572e66881226,pilot4b,8226-ad7da0ed-7f5e-4d5d-a0ab-c8f9c924512e,1599613227695.0,3OCHAWUVGSKMHJ5DFJNAM2EU66UKX7,C,L,5.0,0,1,2,100,499,1.1,endTrial,False
8,5f58298f1034572e66881244,pilot4b,8226-ad7da0ed-7f5e-4d5d-a0ab-c8f9c924512e,1599613327705.0,3OCHAWUVGSKMHJ5DFJNAM2EU66UKX7,C,Pi,6.0,0,2,2,100,599,1.35,endTrial,False
9,5f5829e51034572e6688125f,pilot4b,8226-ad7da0ed-7f5e-4d5d-a0ab-c8f9c924512e,1599613413172.0,3OCHAWUVGSKMHJ5DFJNAM2EU66UKX7,L,C,7.0,0,2,2,87,686,1.5,endTrial,False
10,5f582a0b1034572e66881272,pilot4b,8226-ad7da0ed-7f5e-4d5d-a0ab-c8f9c924512e,1599613451507.0,3OCHAWUVGSKMHJ5DFJNAM2EU66UKX7,L,Pi,8.0,0,2,2,100,786,1.75,endTrial,False
11,5f582a381034572e6688128f,pilot4b,8226-ad7da0ed-7f5e-4d5d-a0ab-c8f9c924512e,1599613496425.0,3OCHAWUVGSKMHJ5DFJNAM2EU66UKX7,Pi,L,9.0,0,3,2,100,886,2.0,endTrial,False
12,5f582a5b1034572e6688129e,pilot4b,8226-ad7da0ed-7f5e-4d5d-a0ab-c8f9c924512e,1599613531648.0,3OCHAWUVGSKMHJ5DFJNAM2EU66UKX7,C,L,10.0,0,3,2,100,986,2.25,endTrial,False
13,5f582a861034572e668812b5,pilot4b,8226-ad7da0ed-7f5e-4d5d-a0ab-c8f9c924512e,1599613574822.0,3OCHAWUVGSKMHJ5DFJNAM2EU66UKX7,Pi,C,11.0,0,3,2,100,1086,2.5,endTrial,False
0,5f580dd81034572e668808db,pilot4b,8328-477b1bad-8e0f-4f60-b7a7-dff9a8669612,1599606232951.0,3G2UL9A02HEL3PEXV2PBIKWO3I4672,vertical,horizontal,,0,practice,2,100,0,0.0,endTrial,True
1,5f580f591034572e668809a5,pilot4b,8328-477b1bad-8e0f-4f60-b7a7-dff9a8669612,1599606617270.0,3G2UL9A02HEL3PEXV2PBIKWO3I4672,L,C,0.0,0,0,2,81,81,0.15,endTrial,False
2,5f5810731034572e66880a22,pilot4b,8328-477b1bad-8e0f-4f60-b7a7-dff9a8669612,1599606899652.0,3G2UL9A02HEL3PEXV2PBIKWO3I4672,L,Pi,1.0,0,0,2,81,162,0.3,endTrial,False
3,5f58116c1034572e66880aaa,pilot4b,8328-477b1bad-8e0f-4f60-b7a7-dff9a8669612,1599607148636.0,3G2UL9A02HEL3PEXV2PBIKWO3I4672,C,Pi,2.0,0,0,2,87,249,0.44,endTrial,False
4,5f5811c41034572e66880ae2,pilot4b,8328-477b1bad-8e0f-4f60-b7a7-dff9a8669612,1599607236919.0,3G2UL9A02HEL3PEXV2PBIKWO3I4672,Pi,C,3.0,0,1,2,75,324,0.54,endTrial,False
5,5f58124e1034572e66880b1c,pilot4b,8328-477b1bad-8e0f-4f60-b7a7-dff9a8669612,1599607374268.0,3G2UL9A02HEL3PEXV2PBIKWO3I4672,C,L,4.0,0,1,2,68,392,0.64,endTrial,False
6,5f5812ca1034572e66880b51,pilot4b,8328-477b1bad-8e0f-4f60-b7a7-dff9a8669612,1599607498199.0,3G2UL9A02HEL3PEXV2PBIKWO3I4672,Pi,L,5.0,0,1,2,68,460,0.74,endTrial,False
7,5f58131d1034572e66880b7f,pilot4b,8328-477b1bad-8e0f-4f60-b7a7-dff9a8669612,1599607581307.0,3G2UL9A02HEL3PEXV2PBIKWO3I4672,L,Pi,6.0,0,2,2,100,560,0.99,endTrial,False
8,5f58136e1034572e66880ba0,pilot4b,8328-477b1bad-8e0f-4f60-b7a7-dff9a8669612,1599607662573.0,3G2UL9A02HEL3PEXV2PBIKWO3I4672,C,Pi,7.0,0,2,2,100,660,1.25,endTrial,False
9,5f5813cd1034572e66880bc9,pilot4b,8328-477b1bad-8e0f-4f60-b7a7-dff9a8669612,1599607757456.0,3G2UL9A02HEL3PEXV2PBIKWO3I4672,L,C,8.0,0,2,2,100,760,1.5,endTrial,False
10,5f5814071034572e66880be2,pilot4b,8328-477b1bad-8e0f-4f60-b7a7-dff9a8669612,1599607815035.0,3G2UL9A02HEL3PEXV2PBIKWO3I4672,C,L,9.0,0,3,2,100,860,1.75,endTrial,False
11,5f5814361034572e66880bf9,pilot4b,8328-477b1bad-8e0f-4f60-b7a7-dff9a8669612,1599607862081.0,3G2UL9A02HEL3PEXV2PBIKWO3I4672,Pi,C,10.0,0,3,2,100,960,2.0,endTrial,False
12,5f5814701034572e66880c11,pilot4b,8328-477b1bad-8e0f-4f60-b7a7-dff9a8669612,1599607920218.0,3G2UL9A02HEL3PEXV2PBIKWO3I4672,Pi,L,11.0,0,3,2,100,1060,2.25,endTrial,False
0,5f581db31034572e66880e4d,pilot4b,8529-ce091a56-8932-4fe7-a4c7-ad784337405c,1599610291162.0,3TXMY6UCAIOKPOSD1SBK4B5T4UYCQP,vertical,horizontal,,0,practice,2,0,0,0.0,endTrial,True
1,5f581de51034572e66880e6c,pilot4b,8529-ce091a56-8932-4fe7-a4c7-ad784337405c,1599610341246.0,3TXMY6UCAIOKPOSD1SBK4B5T4UYCQP,vertical,horizontal,,0,practice,2,100,0,0.0,endTrial,True
2,5f581ebc1034572e66880eda,pilot4b,8529-ce091a56-8932-4fe7-a4c7-ad784337405c,1599610556918.0,3TXMY6UCAIOKPOSD1SBK4B5T4UYCQP,C,Pi,0.0,0,0,2,93,93,0.15,endTrial,False
3,5f581f2b1034572e66880efe,pilot4b,8529-ce091a56-8932-4fe7-a4c7-ad784337405c,1599610667128.0,3TXMY6UCAIOKPOSD1SBK4B5T4UYCQP,L,C,1.0,0,0,2,100,193,0.4,endTrial,False
4,5f581f831034572e66880f22,pilot4b,8529-ce091a56-8932-4fe7-a4c7-ad784337405c,1599610755421.0,3TXMY6UCAIOKPOSD1SBK4B5T4UYCQP,L,Pi,2.0,0,0,2,100,293,0.65,endTrial,False
5,5f581fd41034572e66880f40,pilot4b,8529-ce091a56-8932-4fe7-a4c7-ad784337405c,1599610836201.0,3TXMY6UCAIOKPOSD1SBK4B5T4UYCQP,Pi,C,3.0,0,1,2,100,393,0.9,endTrial,False
6,5f5820221034572e66880f5d,pilot4b,8529-ce091a56-8932-4fe7-a4c7-ad784337405c,1599610914257.0,3TXMY6UCAIOKPOSD1SBK4B5T4UYCQP,C,L,4.0,0,1,2,100,493,1.14,endTrial,False
7,5f58207e1034572e66880f83,pilot4b,8529-ce091a56-8932-4fe7-a4c7-ad784337405c,1599611006828.0,3TXMY6UCAIOKPOSD1SBK4B5T4UYCQP,Pi,L,5.0,0,1,2,100,593,1.4,endTrial,False
8,5f5820ce1034572e66880fa1,pilot4b,8529-ce091a56-8932-4fe7-a4c7-ad784337405c,1599611086621.0,3TXMY6UCAIOKPOSD1SBK4B5T4UYCQP,C,Pi,6.0,0,2,2,100,693,1.65,endTrial,False
9,5f5821211034572e66880fba,pilot4b,8529-ce091a56-8932-4fe7-a4c7-ad784337405c,1599611169057.0,3TXMY6UCAIOKPOSD1SBK4B5T4UYCQP,L,Pi,7.0,0,2,2,100,793,1.9,endTrial,False
10,5f5821741034572e66880fdb,pilot4b,8529-ce091a56-8932-4fe7-a4c7-ad784337405c,1599611252936.0,3TXMY6UCAIOKPOSD1SBK4B5T4UYCQP,L,C,8.0,0,2,2,100,893,2.15,endTrial,False
11,5f5821be1034572e66880ff4,pilot4b,8529-ce091a56-8932-4fe7-a4c7-ad784337405c,1599611326528.0,3TXMY6UCAIOKPOSD1SBK4B5T4UYCQP,Pi,C,9.0,0,3,2,100,993,2.4,endTrial,False
12,5f5821f91034572e6688100c,pilot4b,8529-ce091a56-8932-4fe7-a4c7-ad784337405c,1599611385965.0,3TXMY6UCAIOKPOSD1SBK4B5T4UYCQP,C,L,10.0,0,3,2,100,1093,2.65,endTrial,False
13,5f58225a1034572e6688102b,pilot4b,8529-ce091a56-8932-4fe7-a4c7-ad784337405c,1599611482297.0,3TXMY6UCAIOKPOSD1SBK4B5T4UYCQP,Pi,L,11.0,0,3,2,87,1180,2.8,endTrial,False
0,5f580e091034572e668808f2,pilot4b,9044-eb5aa746-4e26-4f4e-97f3-1e87a82daa74,1599606281817.0,3DHE4R9OC0BGEH6X13H2YKS5MGTG26,horizontal,vertical,,0,practice,0,50,0,0.0,endTrial,True
1,5f580e421034572e6688090e,pilot4b,9044-eb5aa746-4e26-4f4e-97f3-1e87a82daa74,1599606338345.0,3DHE4R9OC0BGEH6X13H2YKS5MGTG26,horizontal,vertical,,0,practice,0,100,0,0.0,endTrial,True
2,5f580f5f1034572e668809a9,pilot4b,9044-eb5aa746-4e26-4f4e-97f3-1e87a82daa74,1599606623620.0,3DHE4R9OC0BGEH6X13H2YKS5MGTG26,L,Pi,0.0,0,0,0,37,37,0.0,endTrial,False
3,5f58108e1034572e66880a2d,pilot4b,9044-eb5aa746-4e26-4f4e-97f3-1e87a82daa74,1599606926730.0,3DHE4R9OC0BGEH6X13H2YKS5MGTG26,C,Pi,1.0,0,0,0,62,99,0.1,endTrial,False
4,5f5811551034572e66880a9d,pilot4b,9044-eb5aa746-4e26-4f4e-97f3-1e87a82daa74,1599607125263.0,3DHE4R9OC0BGEH6X13H2YKS5MGTG26,L,C,2.0,0,0,0,62,161,0.2,endTrial,False
5,5f5811f11034572e66880af5,pilot4b,9044-eb5aa746-4e26-4f4e-97f3-1e87a82daa74,1599607281749.0,3DHE4R9OC0BGEH6X13H2YKS5MGTG26,Pi,C,3.0,0,1,0,62,223,0.3,endTrial,False
6,5f58128e1034572e66880b38,pilot4b,9044-eb5aa746-4e26-4f4e-97f3-1e87a82daa74,1599607438822.0,3DHE4R9OC0BGEH6X13H2YKS5MGTG26,Pi,L,4.0,0,1,0,37,260,0.3,endTrial,False
7,5f5813181034572e66880b7a,pilot4b,9044-eb5aa746-4e26-4f4e-97f3-1e87a82daa74,1599607576060.0,3DHE4R9OC0BGEH6X13H2YKS5MGTG26,C,L,5.0,0,1,0,25,285,0.3,endTrial,False
8,5f5813c81034572e66880bc6,pilot4b,9044-eb5aa746-4e26-4f4e-97f3-1e87a82daa74,1599607752833.0,3DHE4R9OC0BGEH6X13H2YKS5MGTG26,L,C,6.0,0,2,0,56,341,0.3,endTrial,False
9,5f5814031034572e66880be0,pilot4b,9044-eb5aa746-4e26-4f4e-97f3-1e87a82daa74,1599607811418.0,3DHE4R9OC0BGEH6X13H2YKS5MGTG26,C,Pi,7.0,0,2,0,18,359,0.3,endTrial,False
10,5f5814451034572e66880c03,pilot4b,9044-eb5aa746-4e26-4f4e-97f3-1e87a82daa74,1599607877904.0,3DHE4R9OC0BGEH6X13H2YKS5MGTG26,L,Pi,8.0,0,2,0,62,421,0.4,endTrial,False
11,5f5814841034572e66880c21,pilot4b,9044-eb5aa746-4e26-4f4e-97f3-1e87a82daa74,1599607940874.0,3DHE4R9OC0BGEH6X13H2YKS5MGTG26,Pi,L,9.0,0,3,0,43,464,0.4,endTrial,False
12,5f5814ad1034572e66880c2c,pilot4b,9044-eb5aa746-4e26-4f4e-97f3-1e87a82daa74,1599607981204.0,3DHE4R9OC0BGEH6X13H2YKS5MGTG26,C,L,10.0,0,3,0,81,545,0.55,endTrial,False
13,5f5814f31034572e66880c3a,pilot4b,9044-eb5aa746-4e26-4f4e-97f3-1e87a82daa74,1599608051803.0,3DHE4R9OC0BGEH6X13H2YKS5MGTG26,Pi,C,11.0,0,3,0,25,570,0.55,endTrial,False
0,5f590f151034572e66881403,pilot4b,9198-ddb2f495-928f-482e-a81e-fd8755cc44d1,1599672085599.0,3OLQQLKKNWPI0Z8E2TX6XYTABHBEJX,vertical,horizontal,,0,practice,1,100,0,0.0,endTrial,True
1,5f5910ba1034572e6688145e,pilot4b,9198-ddb2f495-928f-482e-a81e-fd8755cc44d1,1599672506786.0,3OLQQLKKNWPI0Z8E2TX6XYTABHBEJX,L,Pi,0.0,0,0,1,37,37,0.0,endTrial,False
2,5f59128a1034572e668814a4,pilot4b,9198-ddb2f495-928f-482e-a81e-fd8755cc44d1,1599672970831.0,3OLQQLKKNWPI0Z8E2TX6XYTABHBEJX,L,C,1.0,0,0,1,25,62,0.0,endTrial,False
3,5f5913a71034572e668814ec,pilot4b,9198-ddb2f495-928f-482e-a81e-fd8755cc44d1,1599673255501.0,3OLQQLKKNWPI0Z8E2TX6XYTABHBEJX,C,Pi,2.0,0,0,1,62,124,0.1,endTrial,False
4,5f5914801034572e66881532,pilot4b,9198-ddb2f495-928f-482e-a81e-fd8755cc44d1,1599673472944.0,3OLQQLKKNWPI0Z8E2TX6XYTABHBEJX,C,L,3.0,0,1,1,56,180,0.1,endTrial,False
5,5f5915c91034572e668815bf,pilot4b,9198-ddb2f495-928f-482e-a81e-fd8755cc44d1,1599673801514.0,3OLQQLKKNWPI0Z8E2TX6XYTABHBEJX,Pi,L,4.0,0,1,1,75,255,0.2,endTrial,False
6,5f5916a21034572e66881625,pilot4b,9198-ddb2f495-928f-482e-a81e-fd8755cc44d1,1599674018392.0,3OLQQLKKNWPI0Z8E2TX6XYTABHBEJX,Pi,C,5.0,0,1,1,87,342,0.35,endTrial,False
7,5f5917371034572e66881666,pilot4b,9198-ddb2f495-928f-482e-a81e-fd8755cc44d1,1599674167150.0,3OLQQLKKNWPI0Z8E2TX6XYTABHBEJX,C,Pi,6.0,0,2,1,62,404,0.44,endTrial,False
8,5f5917731034572e66881684,pilot4b,9198-ddb2f495-928f-482e-a81e-fd8755cc44d1,1599674227717.0,3OLQQLKKNWPI0Z8E2TX6XYTABHBEJX,L,C,7.0,0,2,1,25,429,0.44,endTrial,False
9,5f59179b1034572e6688169a,pilot4b,9198-ddb2f495-928f-482e-a81e-fd8755cc44d1,1599674267916.0,3OLQQLKKNWPI0Z8E2TX6XYTABHBEJX,L,Pi,8.0,0,2,1,25,454,0.44,endTrial,False
10,5f5917c91034572e668816b2,pilot4b,9198-ddb2f495-928f-482e-a81e-fd8755cc44d1,1599674313389.0,3OLQQLKKNWPI0Z8E2TX6XYTABHBEJX,Pi,L,9.0,0,3,1,37,491,0.44,endTrial,False
11,5f5918071034572e668816d7,pilot4b,9198-ddb2f495-928f-482e-a81e-fd8755cc44d1,1599674375447.0,3OLQQLKKNWPI0Z8E2TX6XYTABHBEJX,C,L,10.0,0,3,1,93,584,0.6,endTrial,False
12,5f59186c1034572e66881705,pilot4b,9198-ddb2f495-928f-482e-a81e-fd8755cc44d1,1599674476416.0,3OLQQLKKNWPI0Z8E2TX6XYTABHBEJX,Pi,C,11.0,0,3,1,62,646,0.7,endTrial,False
0,5f591ee31034572e66881952,pilot4b,9490-cb77fe92-e6e1-4001-a08f-08df199b273b,1599676131464.0,39GXDJN2OXEAITYH6FPP8C8IV218VW,vertical,horizontal,,0,practice,1,25,0,0.0,endTrial,True
1,5f591f001034572e66881967,pilot4b,9490-cb77fe92-e6e1-4001-a08f-08df199b273b,1599676160872.0,39GXDJN2OXEAITYH6FPP8C8IV218VW,vertical,horizontal,,0,practice,1,100,0,0.0,endTrial,True
2,5f5920121034572e668819bc,pilot4b,9490-cb77fe92-e6e1-4001-a08f-08df199b273b,1599676434217.0,39GXDJN2OXEAITYH6FPP8C8IV218VW,C,Pi,0.0,0,0,1,50,50,0.0,endTrial,False
3,5f5920e01034572e668819f3,pilot4b,9490-cb77fe92-e6e1-4001-a08f-08df199b273b,1599676640712.0,39GXDJN2OXEAITYH6FPP8C8IV218VW,L,C,1.0,0,0,1,18,68,0.0,endTrial,False
4,5f59217a1034572e66881a29,pilot4b,9490-cb77fe92-e6e1-4001-a08f-08df199b273b,1599676794949.0,39GXDJN2OXEAITYH6FPP8C8IV218VW,L,Pi,2.0,0,0,1,68,136,0.1,endTrial,False
5,5f5921fd1034572e66881a5d,pilot4b,9490-cb77fe92-e6e1-4001-a08f-08df199b273b,1599676925736.0,39GXDJN2OXEAITYH6FPP8C8IV218VW,Pi,L,3.0,0,1,1,31,167,0.1,endTrial,False
6,5f5922811034572e66881a93,pilot4b,9490-cb77fe92-e6e1-4001-a08f-08df199b273b,1599677057860.0,39GXDJN2OXEAITYH6FPP8C8IV218VW,Pi,C,4.0,0,1,1,18,185,0.1,endTrial,False
7,5f5922db1034572e66881aaf,pilot4b,9490-cb77fe92-e6e1-4001-a08f-08df199b273b,1599677147086.0,39GXDJN2OXEAITYH6FPP8C8IV218VW,C,L,5.0,0,1,1,25,210,0.1,endTrial,False
8,5f59231c1034572e66881ac9,pilot4b,9490-cb77fe92-e6e1-4001-a08f-08df199b273b,1599677212829.0,39GXDJN2OXEAITYH6FPP8C8IV218VW,L,Pi,6.0,0,2,1,100,310,0.35,endTrial,False
9,5f5923611034572e66881ade,pilot4b,9490-cb77fe92-e6e1-4001-a08f-08df199b273b,1599677281267.0,39GXDJN2OXEAITYH6FPP8C8IV218VW,C,Pi,7.0,0,2,1,12,322,0.35,endTrial,False
10,5f5923af1034572e66881af7,pilot4b,9490-cb77fe92-e6e1-4001-a08f-08df199b273b,1599677359020.0,39GXDJN2OXEAITYH6FPP8C8IV218VW,L,C,8.0,0,2,1,37,359,0.35,endTrial,False
11,5f59244b1034572e66881b1c,pilot4b,9490-cb77fe92-e6e1-4001-a08f-08df199b273b,1599677515090.0,39GXDJN2OXEAITYH6FPP8C8IV218VW,C,L,9.0,0,3,1,75,434,0.44,endTrial,False
12,5f5924af1034572e66881b3a,pilot4b,9490-cb77fe92-e6e1-4001-a08f-08df199b273b,1599677615697.0,39GXDJN2OXEAITYH6FPP8C8IV218VW,Pi,L,10.0,0,3,1,37,471,0.44,endTrial,False
13,5f5925181034572e66881b63,pilot4b,9490-cb77fe92-e6e1-4001-a08f-08df199b273b,1599677720312.0,39GXDJN2OXEAITYH6FPP8C8IV218VW,Pi,C,11.0,0,3,1,62,533,0.54,endTrial,False
0,5f58043a1034572e66880685,pilot4b,9538-6724d3df-3134-4888-8fa3-1ac1151dbb6e,1599603770670.0,3WLEIWSYHSHUED18L9ZKJK461FIH2G,vertical,horizontal,,0,practice,2,100,0,0.0,endTrial,True
1,5f5805341034572e668806bd,pilot4b,9538-6724d3df-3134-4888-8fa3-1ac1151dbb6e,1599604020835.0,3WLEIWSYHSHUED18L9ZKJK461FIH2G,C,Pi,0.0,0,0,2,100,100,0.25,endTrial,False
2,5f5805e21034572e668806eb,pilot4b,9538-6724d3df-3134-4888-8fa3-1ac1151dbb6e,1599604194040.0,3WLEIWSYHSHUED18L9ZKJK461FIH2G,L,Pi,1.0,0,0,2,100,200,0.5,endTrial,False
3,5f5806dc1034572e66880730,pilot4b,9538-6724d3df-3134-4888-8fa3-1ac1151dbb6e,1599604444640.0,3WLEIWSYHSHUED18L9ZKJK461FIH2G,L,C,2.0,0,0,2,81,281,0.65,endTrial,False
4,5f5807bc1034572e66880767,pilot4b,9538-6724d3df-3134-4888-8fa3-1ac1151dbb6e,1599604668138.0,3WLEIWSYHSHUED18L9ZKJK461FIH2G,Pi,C,3.0,0,1,2,100,381,0.9,endTrial,False
5,5f5808781034572e66880797,pilot4b,9538-6724d3df-3134-4888-8fa3-1ac1151dbb6e,1599604856911.0,3WLEIWSYHSHUED18L9ZKJK461FIH2G,C,L,4.0,0,1,2,100,481,1.14,endTrial,False
6,5f5808f61034572e668807b5,pilot4b,9538-6724d3df-3134-4888-8fa3-1ac1151dbb6e,1599604982633.0,3WLEIWSYHSHUED18L9ZKJK461FIH2G,Pi,L,5.0,0,1,2,100,581,1.4,endTrial,False
7,5f58097e1034572e668807cb,pilot4b,9538-6724d3df-3134-4888-8fa3-1ac1151dbb6e,1599605118699.0,3WLEIWSYHSHUED18L9ZKJK461FIH2G,L,Pi,6.0,0,2,2,93,674,1.54,endTrial,False
8,5f580a031034572e668807e1,pilot4b,9538-6724d3df-3134-4888-8fa3-1ac1151dbb6e,1599605251427.0,3WLEIWSYHSHUED18L9ZKJK461FIH2G,C,Pi,7.0,0,2,2,100,774,1.79,endTrial,False
9,5f580a821034572e668807f6,pilot4b,9538-6724d3df-3134-4888-8fa3-1ac1151dbb6e,1599605378032.0,3WLEIWSYHSHUED18L9ZKJK461FIH2G,L,C,8.0,0,2,2,100,874,2.04,endTrial,False
10,5f580af11034572e6688080c,pilot4b,9538-6724d3df-3134-4888-8fa3-1ac1151dbb6e,1599605489229.0,3WLEIWSYHSHUED18L9ZKJK461FIH2G,Pi,L,9.0,0,3,2,100,974,2.29,endTrial,False
11,5f580b671034572e6688082a,pilot4b,9538-6724d3df-3134-4888-8fa3-1ac1151dbb6e,1599605607515.0,3WLEIWSYHSHUED18L9ZKJK461FIH2G,Pi,C,10.0,0,3,2,100,1074,2.54,endTrial,False
12,5f580bec1034572e66880852,pilot4b,9538-6724d3df-3134-4888-8fa3-1ac1151dbb6e,1599605740604.0,3WLEIWSYHSHUED18L9ZKJK461FIH2G,C,L,11.0,0,3,2,100,1174,2.8,endTrial,False
0,5f57fe571034572e668804ae,pilot4b,9632-7cb9b1c5-1c5e-41e1-8c6d-3d2112772936,1599602263291.0,3QILPRALQ9VXAOP84O3YYVE59RJ8NJ,vertical,horizontal,,0,practice,0,100,0,0.0,endTrial,True
1,5f57ff4f1034572e668804db,pilot4b,9632-7cb9b1c5-1c5e-41e1-8c6d-3d2112772936,1599602511228.0,3QILPRALQ9VXAOP84O3YYVE59RJ8NJ,C,Pi,0.0,0,0,0,81,81,0.15,endTrial,False
2,5f57ffe41034572e66880505,pilot4b,9632-7cb9b1c5-1c5e-41e1-8c6d-3d2112772936,1599602660536.0,3QILPRALQ9VXAOP84O3YYVE59RJ8NJ,L,C,1.0,0,0,0,93,174,0.3,endTrial,False
3,5f5800811034572e6688053b,pilot4b,9632-7cb9b1c5-1c5e-41e1-8c6d-3d2112772936,1599602817786.0,3QILPRALQ9VXAOP84O3YYVE59RJ8NJ,L,Pi,2.0,0,0,0,87,261,0.44,endTrial,False
4,5f5800fb1034572e66880563,pilot4b,9632-7cb9b1c5-1c5e-41e1-8c6d-3d2112772936,1599602939332.0,3QILPRALQ9VXAOP84O3YYVE59RJ8NJ,Pi,L,3.0,0,1,0,100,361,0.7,endTrial,False
5,5f5801601034572e66880588,pilot4b,9632-7cb9b1c5-1c5e-41e1-8c6d-3d2112772936,1599603040684.0,3QILPRALQ9VXAOP84O3YYVE59RJ8NJ,Pi,C,4.0,0,1,0,100,461,0.95,endTrial,False
6,5f5801d41034572e668805b0,pilot4b,9632-7cb9b1c5-1c5e-41e1-8c6d-3d2112772936,1599603156799.0,3QILPRALQ9VXAOP84O3YYVE59RJ8NJ,C,L,5.0,0,1,0,100,561,1.2,endTrial,False
7,5f58023c1034572e668805db,pilot4b,9632-7cb9b1c5-1c5e-41e1-8c6d-3d2112772936,1599603260092.0,3QILPRALQ9VXAOP84O3YYVE59RJ8NJ,L,C,6.0,0,2,0,100,661,1.45,endTrial,False
8,5f5802aa1034572e668805fa,pilot4b,9632-7cb9b1c5-1c5e-41e1-8c6d-3d2112772936,1599603370676.0,3QILPRALQ9VXAOP84O3YYVE59RJ8NJ,L,Pi,7.0,0,2,0,100,761,1.7,endTrial,False
9,5f5802fb1034572e66880619,pilot4b,9632-7cb9b1c5-1c5e-41e1-8c6d-3d2112772936,1599603451196.0,3QILPRALQ9VXAOP84O3YYVE59RJ8NJ,C,Pi,8.0,0,2,0,100,861,1.95,endTrial,False
10,5f5803571034572e6688063c,pilot4b,9632-7cb9b1c5-1c5e-41e1-8c6d-3d2112772936,1599603543620.0,3QILPRALQ9VXAOP84O3YYVE59RJ8NJ,Pi,C,9.0,0,3,0,100,961,2.2,endTrial,False
11,5f5803b11034572e6688065b,pilot4b,9632-7cb9b1c5-1c5e-41e1-8c6d-3d2112772936,1599603633664.0,3QILPRALQ9VXAOP84O3YYVE59RJ8NJ,C,L,10.0,0,3,0,100,1061,2.45,endTrial,False
12,5f5804111034572e6688067a,pilot4b,9632-7cb9b1c5-1c5e-41e1-8c6d-3d2112772936,1599603729856.0,3QILPRALQ9VXAOP84O3YYVE59RJ8NJ,Pi,L,11.0,0,3,0,100,1161,2.7,endTrial,False
0,5f59099f1034572e66881368,pilot4b,9727-37a58c13-7178-412c-88d0-6b8841439106,1599670687510.0,3HL8HNGX491L01V1BSQZQM07RDF9FG,horizontal,vertical,,0,practice,0,100,0,0.0,endTrial,True
1,5f590aa11034572e66881377,pilot4b,9727-37a58c13-7178-412c-88d0-6b8841439106,1599670945170.0,3HL8HNGX491L01V1BSQZQM07RDF9FG,C,Pi,0.0,0,0,0,93,93,0.15,endTrial,False
2,5f590b561034572e66881385,pilot4b,9727-37a58c13-7178-412c-88d0-6b8841439106,1599671126166.0,3HL8HNGX491L01V1BSQZQM07RDF9FG,L,C,1.0,0,0,0,100,193,0.4,endTrial,False
3,5f590c331034572e6688139b,pilot4b,9727-37a58c13-7178-412c-88d0-6b8841439106,1599671347106.0,3HL8HNGX491L01V1BSQZQM07RDF9FG,L,Pi,2.0,0,0,0,87,280,0.55,endTrial,False
4,5f590d141034572e668813b1,pilot4b,9727-37a58c13-7178-412c-88d0-6b8841439106,1599671572147.0,3HL8HNGX491L01V1BSQZQM07RDF9FG,Pi,C,3.0,0,1,0,100,380,0.8,endTrial,False
5,5f590d721034572e668813c4,pilot4b,9727-37a58c13-7178-412c-88d0-6b8841439106,1599671666724.0,3HL8HNGX491L01V1BSQZQM07RDF9FG,C,L,4.0,0,1,0,100,480,1.05,endTrial,False
6,5f590dd21034572e668813d4,pilot4b,9727-37a58c13-7178-412c-88d0-6b8841439106,1599671762262.0,3HL8HNGX491L01V1BSQZQM07RDF9FG,Pi,L,5.0,0,1,0,100,580,1.3,endTrial,False
7,5f590e361034572e668813e3,pilot4b,9727-37a58c13-7178-412c-88d0-6b8841439106,1599671862871.0,3HL8HNGX491L01V1BSQZQM07RDF9FG,L,C,6.0,0,2,0,100,680,1.55,endTrial,False
8,5f590e8d1034572e668813ef,pilot4b,9727-37a58c13-7178-412c-88d0-6b8841439106,1599671949596.0,3HL8HNGX491L01V1BSQZQM07RDF9FG,L,Pi,7.0,0,2,0,100,780,1.8,endTrial,False
9,5f590ed61034572e668813fb,pilot4b,9727-37a58c13-7178-412c-88d0-6b8841439106,1599672022169.0,3HL8HNGX491L01V1BSQZQM07RDF9FG,C,Pi,8.0,0,2,0,100,880,2.04,endTrial,False
10,5f590f261034572e6688140b,pilot4b,9727-37a58c13-7178-412c-88d0-6b8841439106,1599672102641.0,3HL8HNGX491L01V1BSQZQM07RDF9FG,Pi,C,9.0,0,3,0,100,980,2.29,endTrial,False
11,5f590f751034572e6688141c,pilot4b,9727-37a58c13-7178-412c-88d0-6b8841439106,1599672181545.0,3HL8HNGX491L01V1BSQZQM07RDF9FG,Pi,L,10.0,0,3,0,87,1067,2.44,endTrial,False
12,5f590fe31034572e66881436,pilot4b,9727-37a58c13-7178-412c-88d0-6b8841439106,1599672291049.0,3HL8HNGX491L01V1BSQZQM07RDF9FG,C,L,11.0,0,3,0,100,1167,2.7,endTrial,False
